#台羅	漢字（按次數）
a1	仔 阿 啊 亞 鴉 啞 腌 丫 孲 捒 椏 呀 音 喔 呵 臢 枒 抑 旋 緱 忼 咦 洼
a2	孲 仔 阿 啊 抑 啞 百 呵 或 馬 早 猶 也
a3	啊 俹 亞 啞 阿 惡 掗 揞 婭 拗 亦 若 台 喔 也 沛 錏
a5	阿 啊 呵 嗄 咦
a7	阿 也 諾
ah4	抑 鴨 押 壓 啊 亦 仔 益 或 阿 解 工 台 百 也 唉 軋 盒 鮎
ah8	抑 盒 或 匣 亦 壓 押 啊
ai1	哀 唉 挨 埃 哎 㗒 欸 餲 噯
ai2	藹 愛 靉 靄 餲 隘 矮 唉 㗨 音 礙 曖 乃 艾 哎 噯 欸
ai3	愛 唉 隘 曖 噯 嬡 咳 戀 餲 台 呃 靉 藹 嗐 湫 靄 哎 阨 欸 僾 璦
ai5	唉 獃 挨 呆 皚 捱 哎 噯 音 騃 喲
ai7	唉
aih8	唉 噯
ainn1	唉 㗒
ainn3	厄
ainn7	負
ainnh8	唷
ak4	沃 握 偓 渥 齷 喔 鋈 幄 嗌 鷽
ak8	籰
am1	掩 腌 闇 醃 庵 𧌄 奄 鵪 盦 陰 泔 唵 菴 諳 音 揞 含 陽 腤
am2	泔 揞 飲 淊 湆 暗 黯 掩 閼 埯 晻 罯
am3	暗 闇 黯 頷 惡 俺 諳
am5	涵 唵 㼨 或 𥓞
am7	頷 蓊 茂 艷 𧌄 管 領 暗 伓 掩 豔 蝦 頜 枚
an1	安 按 咹 鞍 闇 鵪 厂 喑 銨 盦
an2	按 安 暗 俺 阿 咹 銨 案
an3	按 案 晏 安 斯 宴 桉 焦 司 載 圓 尚 辭 掃 市 兒 缺 績 鈴 吮 恂 皴 鷃
an5	緊 𢰍 緪 恒 恆 難 讀 猌
an7	限 俺 按
ang1	翁 骯 尪 腌 夫 汪 票 尢 尫
ang3	甕 齆 𧝸 瓮 盎
ang5	紅 洋 卬 丌 白 淬 丈 昂 綾 絳 氨
ann1	啞
ann2	仔 揞 倚 向 掩 亞 罯
ann3	亞 揞 向 俹 啊 噁
ann5	攔 啊 援 呱
ann7	餡 誔
annh4	哈
ap4	壓 押 鴨 閘 喔 勒 哈 盒 嗑 霅 唈
ap8	壓 盒 匣 合 狎 盍
at4	遏 閼 斡 軋 揠 折 按 䝟 幹 胺
au1	甌 漚 凹 熬 歐 坳 謳 嗷 慪 區 𥕥 鷗 熰
au2	拗 嘔 毆 坳 懊 澳 媼 文 後 典 靿 燠 敖 敺 鏊 岙 嶴 噢 袎
au3	拗 懊 漚 後 奧 腐 坳 慪
au5	喉 熬 嚎 嚨 咽 敖 鏖 號 爊 螯 嗷
au7	後 后 果 䰖
ba1	笆 峇 麻
ba5	麻 痲 峇 微 貓 雀 蝥 裯
ba7	覓 密 峇 碼 鴟 歪 巴 掠 𨂿 皅
bah4	肉 含 脯 瓷 腊 腜
bai1	微 屄
bai2	䆀 歹 醜 惡 敗 䜴 壞 否 𤶃 𣧲
bai3	𤶃
bai5	眉 埋 楣
bai7	覓 𥌚
baih4	裯
bak4	沐 毣 目 木 汙 染 污 曾 剝 識 腹 墨 幅
bak8	目 墨 木 側 茉 柵 素 賊 識 染 漠
ban1	屘
ban2	挽 折 饅 輓
ban5	饅 閩 蠻 慢 漫 曼 頑 鞏
ban7	萬 慢 顢 漫 瓣 蔓 万 頇 緩 幔 曼 篋
bang1	網
bang2	蚊 蠓 罔 魍 覰 睛 艋 鬼 𧜒 蟒 懵 叮 覷 熅
bang3	嘪
bang5	忙 芒 茫 矇 尨 文 亡 氓 淫
bang7	望 網 夢 綱 莉
bap4	曾 識
bap8	密 曾
bat4	識 曾 白 八 別 密 木 捌 沐 螕 𧧸
bat8	密 墨 木 賊 按 節 屩
bau1	包
bau2	卯 鉚 昴
bau5	矛
bau7	泡 貿
bauh8	貿
be1	咩 𣍐 馬 羋
be2	尾 馬 買 碼 瑪 荸 灣 袜 薺 鐙 椎 鶒 皁
be3	柄
be5	迷 糜 泥 爬
be7	𣍐 未 賣 妹 不 袂 漳 通 文 迷 拍 謎 乜
bee5	麋
beeh4	恥
beh4	要 卜 趴 乜 𣍐 麥 事 築 欲
beh8	麥 襪 脈 袜 語 浮 白 壟
bi1	微 扒
bi2	米 美 尾 靡 瘰 亹 麈 禰 娓 味 文 蕉 牙 灣 麗 彌 鎂 弭 洣 㨻 蛘
bi3	變 味
bi5	微 眉 薇 瞇 咪 維 楣 徵 讀 迷 笑 彌 湄 郿 鎇 㖐 麋 吻 蘼 惟 唯 溦
bi7	味 未 媚 謎 沬 唯 便 湎 寐 維 惟 魅 備 匿 侗 氨
bia2	乜
bian2	免 勉 冕 湎 澠 娩 沔 腼 鮸 俛 鈣
bian5	眠 棉 綿 矏 窅
bian7	面
biat4	滅
biat8	滅 蔑 襪 搣 袜 衊
biau2	渺 藐 杳 眇 緲 邈 窅
biau5	苗 描 薸 貓 錨 瞄
biau7	妙 繆
bih4	覕 匿 避 微 閉 蔑 隱 鱉 慝
bih8	篾 覕 匿 蔑 讀 台
bik4	墨 冒
bik8	默 墨 麥 覓 貉 白 脈 冒 陌 冪 汨 謐
bin1	暝
bin2	敏 刡 抿 黽 閔 給 湣 憫 笢
bin3	面
bin5	民 眠 明 閩 饅 平 名 氓 苠 緡 冥 桯 玟
bin7	面 蝒 象 文 崖 裯
bing1	明
bing2	猛 蜢 皿 勐 艋 錳
bing3	命
bing5	明 名 鳴 盟 冥 銘 萌 會 清 賁 瞑 儚 洺 溟 螟 晣
bing7	命 孟
bio2	母 秒 埤
bio5	描 謀 摹
bio7	廟
bit4	密
bit8	密 蜜 沕 宓 調 滅 替 苾 蝙 䘃 謐
biu1	咱
biu5	繆
biu7	謬 繆
bo2	母 拇 尾 文 寶 拍 弱 保 姥
bo3	無 樁
bo5	無 糜 文 裨 婆
bo7	帽 磨 無 礳 妹
boh4	卜 無 莫
boh8	莫 襪 薄
bok4	木 目 沐 濆 睦
bok8	木 目 牧 莫 漠 睦 沐 寞 穆 匹 摸 鏌 鶩 瞙 幾 的 繆 幕 貉 苜 鉬 蛐 虫
bong1	摸 文 模 濛 檬 搔
bong2	罔 漭 蟒 莽 網 蠓 魍 懵 懞 惘 輞 蠛 蚊
bong3	妄 㩚 摃 槓 惟
bong5	亡 濛 茫 蒙 忘 盲 芒 忙 艨 矇 檬 望 甭 㓖 氓 獴
bong7	望 墓 忘 夢 妄 墳 蒙
boo1	摸 歪
boo2	某 母 牡 畝 妻 姥 呣 丘 離 婦 㟂 黼 呆 拽 尪
boo5	模 謀 牟 蛑 毋 謨 漠 扶 參 膜 苞 摹 蟊 橂 橅
boo7	墓 茂 幕 慕 募 冒 貿 戊 暮 部 袤 楙
bor2	某
bor3	掖
bor5	無 葧
bor7	𬦰
bu1	噗
bu2	母 武 舞 侮 拇 撫 呣 鵡 文 腯 膴 娬 嫵 廡 潕 憮 夾 拍 擘 毋 姥
bu5	無 誣 巫 蕪 毋 南 文 亡 无 侗 佝 嘸 鵐 廡 憮
bu7	務 遇 霧 雺 噴 呣 鶩 婺 騖 司 誣 舞
bua2	滿
bua3	僳
bua5	磨 摩 鰐
buah4	抹 擂
buah8	末 白 捲 茭
buan2	滿 晚 輓 挽 娩
buan5	顢 蹣
buan7	攪
buat4	抹 秣
buat8	末 襪 袜 靺 茉 莉
bue1	飛 𣍐 杯
bue2	尾 買 賣 灣 袜 椎
bue3	𣍐 未
bue5	糜 媒 梅 囮 淖 黴 霉 蟆 𩆸
bue7	𣍐 未 賣 不 妹 讀 背 廈 文 拍 昧 瑁
bueh4	𣍐 乜 事 要 卜
bueh8	襪 沫 袜
buh4	布
buh8	呣 堆 吻
bui1	微 溦 𧑈
bun1	文
bun2	吻 抆 刎 濆 汶
bun3	濆 免 湓 問 噴 鼢 濺 𡌂 瀵
bun5	文 聞 紋 門 蚊 雯 閿 賁 們 鍆 亹 玟 魰 汶
bun7	問 悶 紊 燜 聞 蝒 璺 汶 文 分 抆 面 紋 坌 閿 絻
but4	物 哱 粅 暴 吐 勿
but8	物 沒 𢪱 勿 柫 載 沈 鑢
e1	丌 挨 鍋 萵 唉 個 倭 下 會 仔 苛 萎 誒 蒿 堝 欸 繄
e2	矮 啞 誒 唉 咦 噯 欸 瘂
e3	翳 裔 曳 拽 縊 丌 兮 穢 噎 㹭 曀 瘞 殪 仔 泄 唉 誒 噯 欸 瞖 繄 鷖 勩 嫕 饐
e5	個 鞋 丌 其 的 會 下 諸 己 兮 誒 箇 濣
e7	會 下 能 禍 廈 丌 泉 裔 個 拍 沛 胳 噍 厦 勩
ee1	下 厄 欸
ee2	誒
eh4	厄 呃 噎 唉 楔 噦 噫 阨 軛
eh8	隘 狹 窄 戹 𥢶 厄 阨 頤
enn1	嬰 蠳 蜓 嚶
enn2	喂
enn3	唉
enn5	楹 丌 個
enn7	下
ennh4	呃 嚶
ennh8	咿
ga1	忕
ga2	雅 尬
ga3	呱 塵
ga5	牙 芽 涯 衙 枒 崖 呀 岈 蚜 伢
ga7	訝 砑 迓
gah4	瓦
gai2	騃
gai5	崖 涯 睚 獃 皚 呆 騃 剴 捱 礙 礩
gai7	礙 艾 乂 睚 𣎴
gak4	樂 獄 覺
gak8	樂 獄 岳 嶽 鸑 櫟
gam1	儑
gam2	坎
gam5	巖 岩 癌 啽 碞
gam7	戇 儑 釅 碞
gan1	尷
gan2	眼 鐧 𫝏
gan3	𫝏 嚴 𣸥
gan5	言 顏 嚴 𫝏 凝
gan7	諺 雁 岸 犴 唁 彥 贋 吊 鼉 這 厂
gang2	講
gang5	昂
gang7	儑 戇 𢗾 湡
gap4	呷 合 哈
gau5	𠢕 豪 賢 人 堯 熬
ge2	睨 詣 假 捏 倪 齯
ge3	詣
ge5	牙 芽 㤉 個 衙 霓 睨 倪 猊 兒 蜺 鯢 麑 恨 穎 輗 鶂 蚜 伢
ge7	藝 詣 毅 囈 羿 艾 蓺 視 睨 訝 劓 砑 瘞
geh4	月
geh8	月
gi2	語 擬 蟻 齮 捏 兒 茲 儗 齬 艤
gi3	義 疙 劓
gi5	疑 儀 宜 誼 嶷 枇 沂 隅 便 琵 嵎 訝
gi7	義 議 誼 毅 劓 語 懼 御 遇 藝 㘈 瘞
gia1	牙 迎
gia2	䜍 撠 攑
gia5	攑 夯 迎 蜈 鵝 舉 仰 拁 𧍪 蚣 擎 牙 騎 昂 枷 洋 擡 掮 蝸 蛸 呀
giah4	攑 撠 額 揭
giah8	額 攑 舉 揭 愕 鞓
giak8	樂 鎳 瘧 讞
giam2	儼 噞
giam3	驗
giam5	嚴 岩 閻 巖 釅 糰 碞
giam7	驗 扲 嗵 釅 握 嚴
gian1	妍 研 豜
gian2	研 妍 齴 甗 嫌 吻 臉 巘
gian3	憖 䯡 癮 婩
gian5	言 妍 凝 研 漳 給 嫳 䰖 巘
gian7	䯡 研 硯 唁 㹂 彥 讞 言 諺 猌 贋
giang1	鈃 䤝 妍 嘲 鏘 蹡
giang2	仰
giang3	齴
giang5	𥦌 鈃
giap4	夾 業 挾
giap8	業 夾 入 孽 鄴
giat4	齧 蠍 蝎 孽 嚙 囓 隉 糵 臬 臲
giat8	孽 櫱 臬 𣎴 鎳 孼 蘖 齧 嶭 讞
giau2	撓 攪 挑
giau5	僥 蟯 堯 蕘 嶢 垚
giau7	藠
gih4	砌 築 他
gih8	癯
gik4	玉 額 虐
gik8	玉 逆 虐 鷁 嶷 鶂 艗 鷊 啎 砌 暴 額 獄 瘧
gim1	扲
gim2	錦 窗 扲
gim5	吟 砛 岑 釿 岒 崟 築 恫 坅 涔
gim7	扲 擒 𡢃
gin1	鈃
gin2	囝 囡 听 豚
gin3	癮 憖
gin5	銀 眼 凝 齦 行 圓 𥃩 錁 垠 狺 鄞 嚚
gin7	恨 猌 靳 憖 哏
ging1	芎 芽
ging2	研 眼 碾
ging5	迎 凝 牙 研
ging7	硬 迎 勁
gio2	偶 㛂 睨
gio3	叫
gio5	蟯 橈 蕘
gio7	蕎 譊 藠 謔
gioh4	謔
gioh8	謔 虐 嘵
giok4	玉
giok8	玉 瘧 虐 獄 鈺
giong1	邛
giong2	仰 拱
giong5	喁 顒 卬 筇
gior3	菟
gior5	蕘
gior7	煙 腸 菸
gip4	圾
gip8	岌 圾
gir2	語
girh8	剋
girn5	銀
git4	屹 迄 虼 疙 搾 紇 仡 汔 訖 扠
git8	屹 疙 仡 圪 鶒
giu1	朹
giu2	扭 搝 忸
giu5	牛 球
go2	我 壜
go3	墰
go5	鵝 遨 訛 熬 哦 翱 嗷 峨 蛾 囮 娥 俄 獒 𠢕 厄 莪 敖 嶅 謷 驁 鼇 覃 螯 吪 硪 廒 聱
go7	餓 傲 臥 驁 謷 鏊 遨 敖 硪 奡
goh4	壜
gok4	鶚 稊
gok8	萼 鵠 愕 噩 鄂 鍔 鶚 鱷 鰐 砈 齶 文 顎 咢 崿 諤
gong2	湡
gong5	昂 卬 𢗾
gong7	戇 𢗾 儑 憨 愚 憃 音 讀 韻 惷
goo2	悟
goo5	吳 娛 梧 吾 蜈 鋙 唔 浯 郚 鼯 牾
goo7	五 誤 悟 午 捂 仵 迕 晤 寤 語 焐 娛 伍 忤 謬 痦 俄
gu2	語 齬 禦 敔 御 鋙 圄 圉 漳 久 兒 給 痡 鉏
gu5	牛 娛 愚 虞 隅 禺 漁 嵎 魚 衙 蝸 喁 番 觸 螕 胰 囡 鋙 齵
gu7	遇 譽 禦 語 寓 御 馭
gua1	我
gua2	我 文 許 阮 瓦 罣 佤
gua3	𠰻 外 捏 嚄 哇
gua5	外 我 何 𠰻 漿 哇
gua7	外 若 偌 𠰻 訝 文 瓦 另 嚄
guah4	𠰻 瓦 嚄
guai2	我
guan2	阮 玩 㐾 翫 我 忨 沅 杬
guan3	願
guan5	原 源 元 員 頑 芫 黿 玩 沅 杬 羱 螈 高 懸 鼉 玄 氨 翫
guan7	願 愿
guat4	齀
guat8	月 刖 玥 軏
gue5	倪 隗
gue7	外 藝 員 艾 碨 磑 乂 刈 蓺
gueh4	月 夾
gueh8	月 泉
gui1	暖
gui2	隗 暖 姽
gui5	危 巍 桅 嵬 鮠 恑 隗
gui7	偽 魏 媯 磑 乂
gun1	銀
gun2	阮 㐾 我 䫀
gun3	滾
gun5	銀 眼 齦 啃 垠 狺 鄞 行 圓 倈 哏 錁 齗 誾
gun7	恨 應
gut4	兀 迄 矻 屹 吃 暨 訖 阢 齀
gut8	兀 杌 屹
ha1	哈 呵 噓 欱 下 荷 噴 𨉣 呀 岈
ha3	孝 罅 下 哈 噓 嗄 嘑 哧
ha5	縖 霞 瑕 蛤 蝦 瘕 假 牙 爻
ha7	下 夏 廈 厦 哧 窨
hah4	哈 合 喝 熇 呵 佮 欱 噓 嘑 礜 暍 㷎 脇
hah8	合 籜 葉 哈 笚 筪 學 箬 脅
hai1	咳 奓 害 咍 海 哈 嗨 爖
hai2	海 害 嗐 沈 唉 㟖 滄
hai3	嗨 咳 唉 㩵 係 哼 㧡 嗐 呀
hai5	諧 頦 還 孩 咳 骸 械 音 彼 文 鞋 傲 圓 播 蔔 雀 推 役 洒 粹 謄 臥 飫 荑 姥 鮭
hai7	害 壞 械 亥 駭 解 迦 骸 氦 獬 奒
hainn1	哼 嗨
hainn3	㧡 㩵 𣣶 真 咳
hainn5	還
hainn7	㩵 嗨
hak4	學 㕰 嗀 畜 礜
hak8	學 礐 斛 嶨 澩 校 氹 礜
ham1	含 頇 蚶 憨 汗 酣 合 頦 頷 顢 貝 緩 蟯 邯 欿
ham2	撼 闞 噉 𣛴 泔 饞
ham3	譀 䫲 泛 顑 氾
ham5	含 函 銜 涵 頇 汗 緘 鹹 嗛 頷 顢 憨 咸 邯 唅 椷 慊 瑊
ham7	陷 憾 頇 餡 艦 頷 汗 憨 撼 酣 萏 噤 檻
han1	番 頇 蕃 憨 蚶 和 烤 鼾 唅 壟 适
han2	罕 喊 熯 扞 和 旱 漢 汗 含 憾 歛 旰 琀 瞷
han3	漢 汗 閒 厂 傼
han5	還 寒 含 蕃 韓 閑 榦 懸 間 番 汗 閒 絎 頷 熱 弦 犴 𡢃 鼾 涵 𤞶 嫻 㩃
han7	限 旱 汗 翰 悍 焊 旰 頇 矸 桿 捍 扞 骭 瀚
hang1	烘 夯 魴 魟 豐 鰟 峰
hang2	哄 夯 桁
hang3	𤵻 項 泛 臖 胮 放 肛 氾
hang5	行 降 絎 航 吭 杭 語 缸 頏 桁
hang7	項 巷 行 衖 銗
hann2	哄 闞
hann3	哈 啊 唯
hann5	哈 懸 唅 廈 阿 含 嗯
hann7	跨 限 噓 嘑 踻
hannh4	哈 熇
hap4	合 哈 翕 呷 撲 閤
hap8	合 混 洽 郃 鉿
hat4	喝 褐 轄 縖 嚇 絜 鞨 豁 頜 黠 愒
hat8	乏 學 核 鞨 鶡 觳
hau1	蒿 囂 荷 校 哮 薅 鎒
hau2	吼 哮 好 號 耗 音 害 叫 皓 薅
hau3	孝 候 蔻
hau5	號 候 鶴 蠔 淆 肴 爻 崤 殽
hau7	效 校 候 後 鱟 瓦 侯 厚 偶 齩 姣 壆
haunn2	𤟞 哠 齩
haunn5	懸
haunnh4	齩 嗀
haunnh8	澩
he1	彼 花 灰 瘕 𥉐 恢 火 盻 䀹 痚 許 嫳 嗄 蘤
he2	火 伙 夥 彼 賄 管 計 貨 炮 淬 嚇 傢 匚 喂 栓 烙 爖 吙 熅
he3	貨 歲 載 嗄 吓 台 係 咦
he5	和 回 蝦 霞 攜 畦 兮 蹊 巂 尚 瘕 奚 嵇 茴 下 猗 瑕 嘿 眭 嫵
he7	係 下 會 系 蟹 嗄 夏 睎 暇 廈 付 繫 吓 站 文 伸 螃 瘕 厦
hee2	蹠
heh4	嚇 台
heh8	嘿
henn1	喂
henn2	歇
henn3	誒 嚇 唉 嘿
henn5	哈
hennh4	嚇 歇 呵 咳 哧 嘿 欸
hi1	虛 希 稀 犧 墟 嬉 嘻 唏 哼 嚱 郗 屎 歔 噫 訢 欸
hi2	喜 彼 許 戲 瞌 嬉
hi3	戲 肺 唏 嚱 謔 咥 拍 贔 𠩠 屭 愾 餼 嘻 𣢂
hi5	魚 漁 塭 語 脯 魴 魠
hi7	耳 噓 唏
hia1	靴 彼 𣟵 瓠 呵 桸 班
hia5	遐
hia7	瓦 蟻 𣟵 茲
hiah4	彼 喝 嚇 赫
hiah8	額 伐 㧒
hiak4	謔
hiam1	蘞 薟 辛 辣
hiam2	險 玁
hiam3	喊 噉 蓴
hiam5	嫌 慊
hian1	掀 軒 禤
hian2	顯 㧤 晃 獻 撼 囐 俔 眴
hian3	獻 現 𦜓 㩵 羶 憲 囐 裂 敻 甗 巘 讞
hian5	賢 弦 懸 絃 玄 舷 痃 縣 眩 衒 音 挨 閒 泫 炫 鉉 奘
hian7	現 縣 硯 炫 絢 鉉 見 眩 衒 泫 眴
hiang1	香 鄉 馨 薌 𩠾
hiang2	曉 響 享 响 饗
hiang3	向 享 餉 嚮
hiann1	兄 𩠾 吓
hiann2	顯 嚇 曏
hiann3	向 况 嚮
hiann5	惶 烆 焚 燃 行
hiann7	艾 况
hiannh4	嚇 放 挾 懂 哧
hiannh8	嚇
hiap4	頰 協 袷
hiap8	協 脅 洽 狹 袷 挾 俠 叶
hiat4	血 㧒 擷 泬 㔃 發 㩵 撇 歇 棄 擯 緜 頡 𥄴
hiat8	穴 頁 絜 頡 挈
hiau1	僥 徼 撓 梟 驍 鴞 儌 撬 枵 顯
hiau2	曉 會
hiau3	娎 撓
hiau5	嬈 嫐
hiau7	藠
hiauh4	謔 娎 漳 剝 僥 𥀣
hiaunnh4	鿃 睒
hik4	嚇 礉 砉 赫 哧
hik8	惑 核 或 域 肉 嚄 獲 閾 劃 繳 覈 洫 棫 蜮 黑 逆 馘 砉 滆 膕 劾 閡 彧 彠
him1	欣 歆 䫴 噷 昕 鑫 忻 焮 炘 訢 𦜓
him3	焮
him5	熊
him7	噤 愖
hin1	興 欣 昕 馨
hin3	釁 璺 興 焮 𦜓
hin5	眩 雄 癇 暈
hin7	恨 分 釁
hing1	胸 興 兄 馨 音 身 行 軀 哼 窮 脯 亨 烹 啍 匈
hing2	高 向 擤 篚 迥 娙 婞 悻 詗 敻
hing3	興 詗 喋 敻
hing5	形 行 刑 還 型 橫 雄 衡 恆 滎 莖 鈃 邢 陘 硎 鉶 辭 恒 縱 屯 絚 衒 珩 娙 熒
hing7	行 杏 幸 倖 脛 荇 僥 莧 衒 頸 操 莕 婞 悻 炫
hinn1	哼
hinn2	㩵 戲
hinn3	㩵 戲 嚱 擜 獻 擲 㸆
hinn5	耳 懸 硯
hinn7	耳 硯 肢 㩵 戲
hinnh8	欷
hio1	僥 靴
hio2	否
hio5	侯
hio7	後 后 藠 候 衍 諾
hioh4	歇 葉 宿
hioh8	葉 鴞 箬 鶚 諾 篛
hiok4	畜 蓄 謔 奧 勖 頊 郁 燠 旭 隩 噢 煜 薁 旯 慉 彧 鴥
hiong1	兇 鄉 凶 香 窮 匈 胸 雄 洶 馨 薌 相 案
hiong2	響 享 曏 向 饗 鄉 嚮 晌
hiong3	向 餉 嚮 曏 鄉 朝 羌 晌
hiong5	雄 兇 熊 融 怪 鄉 凶 顒
hiong7	向
hionn1	香 鄉 熅
hionn2	響
hionn3	瑴
hior2	肷
hior5	蕁
hip4	翕 歙 攝
hir5	魚
hirinn5	橫
hit4	彼 軁 汔 迄 𦑌
hit8	𦑌 彼 擲 肸 肐
hiu1	休 咻 不 幽
hiu2	朽 不
hiu3	溴 拂 復 不 臭 嗅 搝 複 糗 灑 𩑣
hiu5	裘 不 咻 䀐
hiu7	復
hiunn1	香 鄉 衝 冲 沖 薌 熅
hiunn2	響
hiunn5	施
hiunnh8	忡
hm2	哼 呣
hm3	呣
hm5	茅 媒 哼 嗬
hm7	噤 頷 喑 地
hmh4	哼
hmh8	默 噷 含
hng1	方 昏 荒 坊 哼 遠
hng2	撼
hng3	哼 遠 嗯
hng5	園 嗯 台 哼 哈
hng7	遠 濩 窵
hngh4	嗯 哼
hngh8	哼 亨
ho1	喝 呵 熇 蒿 號 好 苛 皋
ho2	好 火 伙 和 夥 喝 荷 嚇 管 泉 計 炮 康 豁 栓 烙 爖 鈥 暍 𥼶 熅
ho3	貨 荷 耗 好
ho5	和 河 何 豪 荷 毫 壕 合 涸 濠 號 蚵 齕 𠢕 核 胡 鞨 褐 蠔 餄 盒 皋 劾 闔 覈 嚎 瑚 禾
ho7	號 禍 賀 浩 和 好 荷 暠 鎬 付 被 河 嗬 何 皓 召 吆
hoh4	熇 喝 喲
hoh8	鶴
hok4	福 複 復 覆 腹 輻 幅 蝠 霍 蝮 熇 清 服 愎 馥 漷 䶅 漬 蚇
hok8	服 復 伏 袱 茯 貉 栿 菔 洑 縛 蔔 幞 襆 箙 鰒 事 複 匐 礐 宓 鵩 馥 佫 鶴 觳
hom2	吼
hom3	出
hong1	風 方 封 豐 鋒 荒 峰 肪 脝 烽 坊 肓 妨 瘋 轟 枋 芳 慌 蜂 匚 葑 灃 酆 訇 邡 鈁 丰 渢 楓 碸 哄 哼 市 膨 魴 屏 颼 雱 鰟 亨 嫳 舫 艽
hong2	況 訪 仿 倣 放 彷 諷 恍 紡 風 佛 舫 汞 捧 哄 唪 嗊 鈁 昉 髣 晃 怳 貺 沆
hong3	放 況 奉 晃 貺 風 灣 嗊 縱 賵 况
hong5	皇 防 黃 妨 紅 縫 逢 凰 惶 癀 蓬 航 鴻 馮 簧 虹 蝗 宏 隍 煌 潢 菶 吭 降 捧 髼 帆 蟥 磺 黌 訌 洚 絳 鍠 房 行 礦 風 雄 𤵻 魴 彷 徨 芃 埄 篷 弘 渢 肮 頡 頏 遑 蕻 洪 舡
hong7	奉 鳳 俸 烘 諷 黃 哄 縫 唪 方 紅 風 巷 祀 惶 捧 況 葑 賵 痡 汞 桁 訌 絳
honn1	嘑 叫 訶
honn2	好 火 鈥
honn3	好 放 耗 台 貨 否 噁
honn5	嗬 喤
honn7	合 嗬
honnh4	嗬 否 𠳝 乎
hoo1	呼 於 台 父 稱 呴 膴 憮
hoo2	虎 好 否 唬 缶 滸 許 賁 琥 不 火 吼 踞 圮 螄 諕 饞
hoo3	戽 嗬 乎 互 哈 付 好 不 合 台 厚 洿 蔻
hoo5	胡 糊 狐 鬍 侯 弧 葫 捊 𢰮 浮 罘 喉 河 壺 莩 芣 桴 蝴 撈 草 湖 蠅 瓠 涪 烰 蜉 挎 鶘 鰗 篌 衚 𩭓 紈
hoo7	付 雨 互 護 戶 厚 被 後 與 濩 怙 候 后 蠖 穫 合 扈 給 淋 乎 蝴 楛 號 方 胡 摩 詬 凳 滬 矱 蚇
hooh4	嗬 𠳝
hop4	撲
hop8	駕
hor2	好 虎
hor5	捊
hor7	付
hu1	夫 膚 灰 敷 虛 噓 麩 呼 糊 趺 撫 孚 俘 不 腐 莩 歔 墟 吁 戲 枹 孵 桴 痡 稃 跗 鄜 郛 魆 欻 歑 烀 分 父 許 功 忽 股 負 胡 唿 乎 呋 鈇 罘 烰 罦 呴 嘑 咻 盱 訏 𠷇 伕 虖 憮
hu2	府 許 腐 脯 撫 父 俯 腑 斧 甫 戶 輔 莆 黼 火 礐 痡 煦 拊 釜 滏 頫 簠 栩 喣 詡 糊 怙 夫 殕 護 蜅 瓠 鈇 俛 呴 咻 昫 踽 莘 訏 姁 祜
hu3	付 富 附 副 赴 賦 咐 噓 呼 傅 訃 踣 覆 咻 輔 吩 仆 祔 姁 酗
hu5	魚 扶 符 浮 糊 苻 和 鳧 核 夫 胡 芙 蚨 蜉 枹 壺 搰 芣 桴 俘 涪 榑 槲 火 動 脯 魴 鬍 弧 紨 漁 孚 柎 罘 蝴 烰 罦 鶘 魠 衕 囫 鵠 鶻 嘑 餬 衚 猢 觳 縠 鶦
hu7	負 婦 父 附 腐 傅 輔 駙 阜 賻 呼 滏 祔 鮒 伏 付 司 母 寡 魚 佩 孵 埠 柎 釜 咐 𥦸 蝜 䰖
hua1	花 華 灰 發 砉 嘩 鞾
hua2	話 化 畫 砉
hua3	化 嘩 譁 罫 齔
hua5	華 劃 滑 划 和 按 嘩 鏵
hua7	譁 嘩 瓦 畫 卦 𢮹 掛 銲
huah4	喝 攉 劐 伐 豁 發 砉 釫 霍
huah8	伐 𨀳 跨 跬
huai2	壞 語
huai3	聵
huai5	懷 頦 淮 踝 橫 徊 槐
huai7	壞 坏 躗
huaih8	厾 觸
huainn3	氄
huainn5	橫 莖
huainnh4	蹳 𨂿 𨀳
huan1	番 翻 歡 吩 蕃 分 反 藩 幡 繙 旋 咺 拚 墦 燔 璠 膰 萑 暄 貛 吟 獾 喧 萱 儇 禤
huan2	反 患 換 返 宦 烜 飯 緩 坂 阪 援 遒 豢 諼 晅
huan3	泛 販 幻 喚 氾 換 汎 楦 反 畈 瘓 飯 渢
huan5	煩 凡 環 繁 還 礬 蕃 蹯 鬟 帆 寰 垣 蟠 樊 蘩 萑 梵 藩 燔 璠 膰 嬛 惱 鐇 袢 團 丸 釩 墦 蠜 雚 澴 紈 儇 翾 芄 圜
huan7	犯 範 凡 患 梵 還 緩 笵 宦 飯 范 脘 難 拚 幻 援 莞 皖
huang1	風 荒 慌 肓 廈 嫳
huang2	曉 晃 潢 㨪
huang3	泛
huang5	黃 喤
huann1	歡 喜
huann2	幻 罕 泛 晃
huann3	泛 幻
huann5	鼾 橫 哇
huann7	岸 𢮹 捍 按 旱 扶 援 銲 焊 畔
huat4	發 法 髮 醱 活 憤 砝 珐 動 爆 鍅 䰖 濊
huat8	活 罰 伐 乏 閥 茷 動 滑 橰 筏 直 發 缺
hue1	花 灰 恢 素 歲 白 粟 飛 蒜 旋 瑰 穎 馨 蘤
hue2	火 伙 夥 悔 賄 𠈆 貨 管 歲 計 炮 淬 傢 栓 烙 爖 熅
hue3	貨 歲 廢 悔 載 潰 晦 伙 癈 聵
hue5	回 和 𫝻 茴 迴 蛔 徊 燴 花 尚 復 挨 裴 捱
hue7	會 匯 潰 憒 蟹 雙 薈 瞶 膭 䙡 聵 闠
hueh4	血 文 咯 覌
hueh8	血
hui1	非 揮 飛 妃 徽 輝 啡 菲 緋 蜚 徘 琲 扉 霏 騑 煇 匪 斐 屝 琿 褘
hui2	毀 匪 誹 菲 蜚 非 悱 斐 榧 翡 費 蜰 朏 篚 虺 烜 虫
hui3	費 廢 肺 痱 沸 怫 狒 芾 諱 給 疿 惠 賁 潰 翡 砩 喙 卉
hui5	危 䖒 瓷 肥 淝 腓 痱 䀁 賁 陶 蜰 磁
hui7	惠 慧 茷 吠 音 緯 彙 蜚 翡 狒 萉 槥 恚 蕙 彗 繐
huih4	血 咯 文
huih8	血
huinn1	欷
huinn5	橫 音 黃 歔
hun1	分 婚 熏 煙 薰 紛 昏 氛 勳 吩 烟 燻 壎 雰 芬 葷 纁 酚 棻 獯 曛 醺 會 雲 伸 份 叢 坌 坋 焄 菸 殙 匪 汾 棼 鼢 煇
hun2	粉 憤 混 忿 狠 墳 扮 奔 賁 坌 坋 諢 奮 咯 坟 鼢 圂 鯶 惲
hun3	訓 奮 楥 楦 拚 糞 憤 僨 璺 釁 恨 忿 馴 混 熏 鱝
hun5	痕 雲 魂 紋 墳 焚 渾 混 賁 蕡 坟 濆 汾 鼢 豶 餛 蕓 頒 坌 緄 枌 棼 篔 谷 哏
hun7	分 恨 份 混 昏 暈 渾 澹 奔 坋 憤 鱝 狠 釁 猌
hut4	忽 佛 拂 彿 怫 咈 刜 囫 㧾 惚 沸 黻 欻 不 冹 艴 弗 茀 祓 紱 紼 韍 髴 呼 㓖 供 彷 芾 沷 氟 渾 齕 汔 笏
hut8	佛 核 忽 怫 唿 紇 柫 芾 氟
i0	已 宜
i1	伊 醫 衣 依 於 咿 一 她 噫 猗 欹 繄 黟 以 欸 漪 鷖 矣 廈 音 文 語 椅 唉 揖 愖 攲 陭 恂 栀 禕 旖 銥
i2	以 已 椅 與 倚 一 易 迆 苡 意 羽 埸 抑 翼 杙 埶 腋 乂 勩 亦 音 己 益 衣 肄 裔 億 屹 艾 邑 矣 旖 食 文 條 藝 施 跛 譯 予 液 憶 疫 猗 曳 昳 斁 弋 禹 詣 掎 綺 縊 錡 芑 迤 囈 繹 义 㹭 鶂 佁 鷾 扆 銥 泆 奕 唈 艗 饐
i3	意 薏 飫 衣 翳 瞖 噫 矣 瘞 饐 懿 遞 中 稱 舶 醫 癔 芣 𤸸 咦 繓 曀 媕 嫕 螠
i5	移 姨 維 餘 夷 遺 圯 一 蛇 胰 迆 唯 台 荑 咦 姬 眙 彝 疑 詒 怡 扅 迻 宧 頤 音 施 治 弛 輿 鮧 佗 惟 匜 痍 貽 簃 飴 濰 與 刣 儀 悸 妃 宜 它 洟 委 咿 嶷 誃 迤 余 羡 椸
i7	預 易 異 肄 豫 譽 裔 與 食 伊 廙 丌 瑰 彊
ia1	呀 埃 丫 壓 啞 耶 啊 鴉 鴨 押 椏 地 阿 軋 枒 埡
ia2	野 冶 猶 軋 也 掗 影 揠 砑 御 迓 是 仔 抑 訝 墅 艽 埡
ia3	厭 也 𤸸 斁 呀 別 績 揖 咽 絳 笮
ia5	爺 椰 役 牙 邪 鋣 耶 荼 琊 呀 揶 芽 啊 衙 崖 蚜 倻
ia7	夜 也 㲜 敥 亦 掖 射
iah4	挖 抑 亦 或 頁 蝶 益 揠 壓 野 憶 氨
iah8	亦 或 澤 役 蝶 驛 頁 葉 瘍 易 疫 挖 擇 帙 文 交 司 拍 也 痬 蜴 燡
iak4	抑
iam1	閹 奄 陰 厭 淹 腌 懨 崦 鹽 蜻 俺 艷 醃 鵪
iam2	掩 奄 罨 淹 剡 晻 琰 裺 掞 埯 弇 厴 魘 黶 揜 扊
iam3	厭 淹 俺 饜 壓 惡 窨 靨 弇 覎
iam5	鹽 炎 塩 簷 閻
iam7	炎 焰 鹽 豔 艷 焱 灩 閻 燄
ian1	煙 淵 湮 嫣 胭 咽 閼 醃 腌 鵪 燕 姻 烟 焉 蔫 腸 閹 堙 鄢 蜎 鳶 菸 熏 莞 殷 甄 軒 闉
ian2	演 偃 衍 厭 燕 堰 咽 沿 淹 艷 灩 兗 郾 蝘 贋 音 鹽 緣 焰 釅 雁 鴈 匽 罨 戭 鰋 讌 醼
ian3	宴 緣 燕 咽 嚥 厭 堰 鷃 讌 窩 沿 焉 匽
ian5	延 緣 鉛 沿 簷 芫 筵 言 莞 層 櫞 捐 蜒 蜎 重 巖 顏 檐 埏 鹽 黃 研 堵 炎 妍 焉 鳶
ian7	緣 沿 院 掾 衍
iang1	央 鞅 秧 殃 傭 鴦 泱
iang2	養 樣 怏 䬬 讀 烊 氧
iang3	映 要
iang5	揚 昜 陽 烊 楊 羊 徉 佯 瘍 洋 痒 蛘 煬
iang7	鞅 攍 負 漾 樣 養 恙
iann1	英 纓 映
iann2	影 映 䚆 冶
iann3	映
iann5	贏 營 屏 盈
iann7	颺 映 揚 焱 漾 敥 焰
iannh8	愕
iap4	掩 匎 揲 靨 燁 厭 挹 偞 匊 擛 曄 饁 擪 揜 魘
iap8	葉 煠 頁 蝶 燁 曄
iat4	咽 謁 閱 揲 蠍 蠮 黦
iat8	閱 悅 曳 拽 揲 說 逸 搧 稅 軼
iau1	枵 要 妖 邀 猶 約 夭 腰 么 吆 飢 徼 喓 凹 喲
iau2	猶 要 夭 舀 藥 樂 鑰 窈 拗 靿 籲 鷂 杳 也 瘧 窅 袎
iau3	要 厭 靿 猶 袎
iau5	謠 搖 遙 瑤 陶 銚 窯 繇 僥 窑 傜 颻 洮 珧 徭 淆 鷂 姚 軺 鰩 揄 猶 蟯 匋 堯 猺
iau7	耀 曜 鷂
iaunn1	貓 喓
ie1	噎 爺 耶 㖿 掖
ie2	咽 葉 曳 掖 液 拽 腋 語 夜 枼 靨 燁 餲 曄 擪
ie5	㖿 邪 爺 椰 揶
ih8	胰 葉
ik4	益 溢 憶 億 抑 呃 扼 臆 軛 隘 嗌 液 啞 厄 阨 鎰 思 易 譯 癔 裨 浴 薏 肐 桎 謚 抶 艗 鷁 鐿 彧 彠
ik8	液 易 浴 域 譯 疫 翼 畫 逸 掖 劃 役 或 驛 繹 射 佚 軼 亦 埸 帙 翌 懌 斁 弋 杙 腋 閾 佾 弈 奕 翊 蜴 嶧 䭞 交 憶 啞 迭 慾 𦑌 泆 艗 棫 蜮
im1	音 陰 淹 蔭 窨 樂 喑 鴆 市 漲 闇 愔 瘖 蔔 紉 遒 吽
im2	飲 痛
im3	蔭 窨 廕 飲 庇
im5	淫 蟫 霪 鐔 冘
in1	因 𢙠 恩 姻 絪 殷 湮 音 洇 陰 慇 堙 煙 引 伊 端 衣 亮 喑 氤 茵 禋 駰 闉 縕 綑 為 印 沾 紉 咽 迄 裀
in2	引 允 蔭 隱 湮 蚓 應 印 尹 憖 窨 殷 戭 人 舵 陰 准 癮 暈 紖 猌 靷 鮣
in3	印 應 蔭 戳 鮣
in5	寅 夤 淫 垠 狺 勻 吟 紜 齦 釿 齗 蟫 洇 云 殥
in7	孕 韻 胤 隱 媵 賸
ing1	應 英 櫻 坱 鷹 嬰 癰 鶯 轟 鸚 纓 膺 嚶 塕 馨 攖 罌 鍈 飛 薨 媖 瑛 罃 霙 瓔 蘡 癭 素 該 哩 粟 壅 雍 誔
ing2	永 影 泳 湧 往 應 穎 景 㯋 郢 潁 硬 映 浪 迎 璟 䚆 癭 咏 詠
ing3	應 用 壅 映 甕 蕹 答 語 遒
ing5	閒 閑 榮 營 贏 縈 螢 楹 盈 嬴 間 滎 嶸 蠑 塋 熒 瑩 瀅 鎣 瀠 瀛 籯 蠅 迎 罃
ing7	用 漾 鈀 文 泳 媵 咏 詠 孕 恂 瀅
inn1	嬰 蠳 咿 蜓 嚶 穎 圓 絪 英 秧 蛉
inn2	芛 穎 椅 肄 芽 鐦 笋 鷁
inn3	燕 薏 嚶 應 院 唉 咿 喑
inn5	圓 縈 楹 丸 文 絪 員 櫞
inn7	院 易 異 肄 咿 施 衍 勩 譽
innh4	咿 盈 噎
innh8	咿 噫 曀 圓
io1	腰 育 唷 喲 么 邀 要 鷗
io2	舀 毆 嘔 挹 沃
io3	唷
io5	搖 窯 窑 颻 呦 喲
io7	約 藥 酚 鷂
ioh4	約 溢 臆 藥 喲 虳 唷 億 憶
ioh8	藥 鑰 約 育 酚 唷 氨 葯
iok4	約 喲 益 慾 矱 拗 薁 鑰 隩 彧 煜 鴥 彠
iok8	育 慾 欲 躍 浴 藥 鑰 鬻 葯 淯 龠 唷 籲 谷 昱 峪 煜 鵒 瀹 爚 約 趯 鋊 燠 霅 籥 彠
iong1	央 癰 臃 雍 殃 邕 廱 鞅 秧 擁 蕹 泱 饔 用 傭 壅 㴩 佣
iong2	勇 養 蛹 仰 鞅 擁 湧 踊 氧 甬 俑 癢 壅 痒 慂 踴 文 往 臾 蛘 㼜 鯒
iong3	擁 用 壅 映 鞅 怏 創 甕 蕹 盎 泱
iong5	容 陽 揚 庸 蓉 融 楊 傭 洋 羊 溶 瘍 徉 痒 颺 佯 鎔 芙 榕 垟 烊 暘 煬 瑒 墉 慵 鄘 鏞 鱅 頌 蛘 顒 佣
iong7	用 漾 語 鈀 養 樣 扒 煬 恙 颺 揚 傭 憐 沛 癢 摀 恂 䬬 佣
ionn1	鴦
ionn2	舀 養
ionn5	羊 洋 融 溶 鎔 熔 楊 陽 容 文 承 碎 瘍 痒 庸 烊
ionn7	樣
ior1	唷 喲 育
ior2	毆 沃 嘔 敺
ip4	揖 挹 邑 悒 䇼 腌 唈 熠 浥
irn1	恩 漳
it4	一 乙 憶 鎰 佚 逸 枝 益 組 噎 汨 汩 迄 桎 饐
it8	逸 佚 軼 一
iu1	優 憂 幽 悠 呦 攸 麀 鄾 耰 搐 吚 京
iu2	有 友 誘 酉 吆 黝 牖 羑 莠 猶 右 由 幼 佑 吚 槱 戭
iu3	幼 有 吚 穎 呦 蚴
iu5	油 由 遊 猶 游 郵 尤 蝤 遒 酋 蝣 繇 魷 疣 說 柚 炸 洋 蚰 揄 猷 槱 炙 豫 蒸 鰷 桐 囮 悠 鯈 攸 斿 蚘 莜 蕕 㘥 冘
iu7	又 右 柚 有 釉 佑 誘 侑 鼬 酉 祐 狖 囿 宥 斯 鈾 槱 褎
iuh4	鮎
iunn1	鴦 秧 容
iunn2	養 舀 漳 㼜
iunn5	羊 洋 融 溶 熔 楊 陽 鎔 庸 漳 瘍 烊 煬 容 樣 承 揚 痒 垟
iunn7	樣
je5	挼 摧
ji2	子 愈 爾 邇 耳 洱 汝 吉 你 禰 尔 湑 鉺
ji5	而 兒 如 茹 榆 注 缺 袽 洏 鮞 歈
ji7	字 二 膩 喻 餌 鈀 佴 洱 鉺 貳 泉 白 沛 裕 珥
jia1	遮
jia2	惹 喏 一
jia5	晣
jia7	喏 偌 揖
jiah4	跡 蹟 迹
jiak8	若 熱
jiam1	遮
jiam2	染 蚒 冉 苒 荏 髥
jiam7	仞 任 染
jian2	蹨
jian3	晣 晢
jian5	然 燃 蹨 宛
jian7	然
jiang2	嚷 壤 讓
jiang7	讓
jiap4	囁 顳 廿
jiap8	顳
jiat4	熱
jiat8	熱 鬧
jiau2	擾 爪 繞 抓 嬈 鳥 搔 柹
jiau3	抓 縐 泉 搔 爪 皺
jiau5	皺 䩌 縐 饒 嬈 蕘 蟯 橈 醀 繞 醮 襓
jiau7	尿 溺
jiaunn2	鳥 爪
jiaunn3	抓
jih4	捺 㧫 廿
jih8	㧫 廿 讀 壓 按 捏 扼 晧 扲 擮
jik4	耘
jim2	忍 飪 恁 稔 荏 衽
jim5	任 恁 尋 紉 絳 燖 壬
jim7	任 認 刃 潯 紉 賃 飪 韌 紝 仞 妊 牣 軔
jin1	懍 齦
jin2	忍 恁 蔘
jin3	恁
jin5	人 仁 齦 廩 蕉 紉
jin7	認 泉 輸
jing2	覷
jing5	扔 艿 茸 仍 礽
jio5	橈
jio7	尿 溺
jioh8	弱
jiok4	逐 搦 肉 蒻
jiok8	弱 辱 肉 搦 若 褥 溺 溽 蓐 縟 暴 箬 摶 衄 彊 蒻
jiong2	嚷 壤 釀 攘 讓 冗 孃 穰
jiong3	釀
jiong5	絨 茸 戎 攘 瀼 穰 剪 孃 穠 瓤 勷 蘘 禳 礽 狨 羢 𣭲 氄
jiong7	讓 釀 攘
jip8	入 寂 㧫 爖
jit8	日 曆 是 別 今 朝 衵
jiu1	參
jiu2	鞣 糅 䤝 厹 禸 輮
jiu5	柔 鞣 糅 鰇 猱 揉 榆 蹂 輮
jorh4	呔
ju2	愈 乳 女 籹 癒 庾 擩 窳 汝 爾 你 尔 醹
ju5	如 榆 儒 茹 渝 注 襦 臾 諛 蠕 洳 鑐 萸 毹 擩 薷 揄 俞 腴 隃 逾 褕 踰 瘐 堅 紀 役 陽 臑 拏 挐 覦 嚅 袽 銣 孺 濡 醹 顬 愉 歈 瑜 萮 窬 羭 蝓
ju7	喻 裕 茹 如 字 女 籲 論 儒 臾 牸 瑜 諭
jua7	若 偌 畷
juah8	熱 焫
juan2	軟 蠕 轉 愞
juan5	堧
jue5	挼 羸 耒 蕤 痿
jue7	銳 睿 讀 蚋 耒 芮 汭 枘
juh4	司
jui1	綏
jui2	蕊
jun2	蠕
jun7	潤 閏 韌 嫩 媆
ka1	家 加 膠 鉸 佳 下 交 咳 咖 鵁 筊 嘎 茭 自 尻 傀 軲 袈 咬 珈 枷 旮 胛 歸 吉 傢 葭 嘉 假 共 到 啡 迦 蟉 虼 茄 跏 鮫 伽 磕 松 鉤 駕 江 狡 吤 欬 痂 笳 隹 個 乾 落 夾 皮 價 栲 己 割 𪁉 甲 貝 覺 瞌 胳 耞 轆 崙 𥬯 豭 恂
ka2	絞 假 攪 賈 榎 檟 嘎 嘏 斝 㽱 到 栲 鉸 瘕 尬
ka3	教 假 駕 到 絞 漖 價 嫁 嘎 稼 較 架 洘 呷 校 差 既 譁 枷 ③ 窌 窖
ka5	嘎 軋 尜 瘸 茄 枷 釓 噶 痂
ka7	共 加 咬 嘎 齩 家 給 自 磕 佳 絞 咳 蛟 砑
kah4	到 甲 胛 合 恰 及 教 䘥 夾 較 蓋 嘎 笚 鉀 舺 鴿 既 袷 裌 磕 共 夠 組 瞌 差 籗 岬 恂 裯
kah8	到 甲 舉 佮
kai1	該 階 皆 佳 咳 楷 偕 稭 喈 街 垓 陔 賅 痎 奓 應 改 荄 剴 鍇 嚌
kai2	解 改 蓋 芥 胯 變 難 回 界 丐 槩 隑
kai3	界 介 戒 蓋 概 芥 解 怪 丐 誡 疥 骱 鈣 槩 价 屆 尬 蚧 戤 玠 剴 潔 溉 㮣 罫 鑉 摡 恝
kai5	獃
kainn1	肩 間
kainn3	間
kainn5	個 目
kak4	覺 角 埆 桷 穀 确 較 鈀 鵤 瑴 榷 克 菊 谷 斠 傕 攫
kak8	樂 擱 獄 擲 搩 角 捒 棄 磔
kam1	甘 柑 敢 監 疳 橄 感 坩 籠 泔 緘 苷 姦 鉤 㒈 尷 椷 𣢟
kam2	感 敢 𥴊 㒈 橄 澉 兒 監 噉 鱤 鰔 𣢟
kam3	監 鑑 鑒 艦 贛 紺 戇 獄 淦 灨
kam5	含 巖 噙
kam7	檻
kan1	間 乾 干 艱 矸 奸 杆 姦 簡 肝 竿 堅 甘 玕 割 菅 酐 音 經 典 閒 桿 泔 苷 橄 綱 尷 蕑 飦
kan2	簡 囝 幹 𡢃 柬 敢 桿 鐧 趕 揀 稈 嫺 襇 秆 擀 繭 蕳 音 干 杆 筸 贛 榦 嫻
kan3	間 諫 幹 澗 旰 姦 干 榦 鐧 諜 絹 骭 瞷
kan7	厂
kang1	工 江 公 扛 蚣 功 剛 綱 犅 岡 共 鋼 掆 紀 肛 豇 杠 矼 茳 紅 胱 蜈 釭 崗 牨 繮
kang2	講 港 槓 犅 虹 耩 牨 購 杠 薄 壙 降 鋼 篔
kang3	降 戇 𤝷 虹 蝀 洚 絳 強 鋼 槓 倲 贛
kang5	共 戇
kang7	共 同 戇
kann1	監 橄 柑
kann2	囝 敢 子 夾 讀
kann3	酵 䵟 敢
kann5	含 銜
kann7	咁 酵
kannh4	斷
kannh8	射
kap4	合 及 佮 蛤 鴿 鞈 岬 夾 胛 袷 甲 䘥 頜 韐 結 連 比 裌 篋 笚 搿 閤 浹 郟 舺 遒 呷 敆 氨
kap8	及 合 哈 洽 佮 餄
kat4	結 墼 葛 嘎 噶 割 丐 合 覺 敨 擖 戛 恝 苑
kat8	竭
kau1	交 溝 鉤 勾 郊 高 艽 糕 膏 鵁 蛟 鮫 膠 筊 鉸 茭 緱 睪 骹 夠 𪁉 句 潔 偷 咬 腎 跤 朾 羔 睾 峧 㽱 轇 䉀
kau2	狗 九 狡 口 蚼 垢 告 絞 啞 裹 膏 筊 鉸 姣 佼 玖 到 百 潔 珓 孔 攪 詬 犬 搞 㽱
kau3	到 教 夠 較 校 屆 至 挍 筊 詬 斠 音 比 告 酵 勘 窖 滘 佛 珓 覺 餃 鉸 确 漖 𥦁 窌
kau5	猴 𠢕 緱 侯 跳 豪 勾 爻
kau7	厚 齩 方
kauh4	𫏶 浹 轂
kauh8	詬 𠴳 𧪞 觳 諦
ke1	家 雞 加 街 機 假 喈 蛙 傢 圭 稽 葭 焿 嘉 袿 邽 閨 笄 文 過 大 灣 改 基 籠 胿 繼 珈 隆 跏 乩 畦 珪 硅 銈 鮭 刲 奎 暌 睽 枅 嵇
ke2	假 果 粿 解 改 喈 庋 過 計 價 炸 菓 餜 炙 音 架 柚 𦠖 睡 裹 ①
ke3	過 計 價 界 嫁 繼 架 假 髻 解 疥 駕 芥 值 䯻 蕨 瘈 罽 薊 檵 會 格 枷 ② 鱖 稼 䰖
ke5	枷 椵 瘸 㧎 鮭 其 芽 拁 丌 文 膚 㤉 嵇
ke7	低 下 讀 加 落 家 底 語 價 過 藝 偈
kee1	佳 嘉
kee2	繰 㡑
keh4	格 隔 骼 膈 逆 郭 鍥 解 莢 槅 革 殛 蕨
keh8	逆 格 桀 月 椵 竭 㧎
kenn1	更 羹 經 焿 庚 鹹 文 鹼
kenn2	鯁 骾 梗 哽 耞
kenn5	經 繫 拁
kennh8	逆
kha1	骹 腳 尻 奇 跤 下 刮 加 帛 鉤 朴 擖 廉 喀 㬵 咔 呿 硿 川 繳 絞 踔 骻 哈 𪸾 迹 咖 揩 胯 茭 鉲 疴
kha2	巧 卡 佧 栲 喀 㲯 咔 佤
kha3	叩 撽 較 扣 敲 揩 髂 摡 搕
kha5	騎 卡
kha7	髂 卡 疴
khah4	較 恰 籗 卡 讀 咔 加 磕 闔 拤 筁
khah8	蓋 闔 𤻙
khai1	開 揩 擡 奓 鐦 掮 闓
khai2	楷 豈 凱 鎧 肯 咳 欬 剴 愷 回 斂 愾 塏 闓 覬 暨 顗
khai3	概 慨 溉 咳 欬 愾 暨 憤 揩 愒 謦
khainn1	掮 鏗 肩 擡
khainn2	掯
khainn3	鏗
khak4	殼 確 麯 麴 搉 榷 确 愨 去 曲 的 粬 埆 傕 塙
khak8	咯 殼 麯 欬
kham1	堪 嵁 坎 勘 龕 嵌 坩 崁 碪 戡 歁 𢽣 鵮 欿
kham2	坎 憨 砍 歁 莰 闞 嵌 悽 鐋 譀 檻 鑭 紺 欿 轗
kham3	蓋 勘 嵌 崁 坎 憨 闞 瞰 紺 墈 文 戇 摀 儑 淦
kham5	黔 嵌 痷 柑 鵙
kham7	𠻞 鹹 陷 撼 黔 硆
khan1	牽 刊 看 勘 慳 堪 嵌 刋
khan2	看 肯 勘 侃 衎 墈
khan3	看 衎 勘
khan7	呿
khang1	空 孔 工 埪 腔 㾤 功 康 槺 揻 慷 文 讀 按 控 䆲 𥦌 閌 眶 絳
khang2	孔 炕 亢 空 䆲 瓷 閌 眶
khang3	控 空 掐 壙 䆲 槓 曠
khang5	扛 抗
khang7	埪
khann1	硿 坩 缸
khann3	䤝
khann5	含 鉗
khap4	磕 蓋 恰 卡 匼 合 瞌 袷 搕 掐 咔 嗑 溘 榼 鹹 峇 氣 哈 跲 頜 閤 鞈 拤 葜
khap8	磕 搕 叩 摸
khat4	汲 刻 克 渴 缺 刮 級 擖 舀 尅 戛 佧 葜
khat8	竭
khau1	敲 𠞟 摳 鬮 薅 鉤 尻 扣 剾 叩 𨷺 墝 磽 鏂 靠 刮 口 削 礉 芤 彄 毆 撬 敺
khau2	口 巧 銬 供 役 漱
khau3	哭 扣 叩 梏 銬 釦 簆 口 礉 鈕 撽 嚶 敂 墝
khauh8	觳 硞 礉
khaunn5	兩
khaunnh8	礉 愕
khe1	溪 稽 科 開 詼 葵 魁 谿 狹 缺 奎 睽 蝰 嵇 洼
khe2	啟 稽 綮 棨 課 揢 䏿
khe3	課 契 喫 憩 囥 囓 架 齧 揭 啃 瘈 靠 夾 工 咧 科 愒
khe5	椵 瘸 㧎 揢 繫 葵 拁 踔 痂
khe7	下
kheh4	客 揢 夾 缺 瞌 喀 挾 篋 挈 𦙫 𨂰 挌 𥇙 䀹
kheh8	愕 挾 夾 狹 卻 客 逆 喀 竭 㧎 𢭪
khenn1	坑
khenn5	琉
khennh4	喀
khennh8	喀 磕 挾 嗄 咦
khi1	欺 敧 機 攲 欹 犄 蹊 崎 僛 榿 去 起 乞 驅 徛 𤄜 坑 觭 諆
khi2	起 齒 去 豈 企 紀 綺 處 嘰 芑 乞 氣 摀 槊 杞 啃 齦 彊 玘 顗
khi3	去 氣 器 起 乞 棄 汽 齒 企 潔 踦 亟 吱 跂 契 气 落 開 鑱 沈 呵 脾 揭 饞 愾 簀 錁 偈 憩 蚑 氨
khi5	𤷍 蜞 騎 祈 陭 諆
khi7	忌 柿 惧 柹 雉 去 器 懼 忮
khia1	奇 家 敧 腳 欺 迦 單 攲 骹 伽 房 企
khia5	騎 摔 蜈 𧍪 伽
khia7	企 豎 徛 竪 伽 處 嫳
khiah4	隙 𥦌 絳
khiak4	卻 戛 恪
khiak8	劇 嘎 碻 戛
khiam1	謙
khiam2	歉 嗛 慊 敢 欠 膁 歁
khiam3	欠 芡 缺 歉 傔
khiam5	緘 擒 鉗 嵌 箝 黔 拑 鈐 扲 捦
khiam7	儉 芡 欠 傔
khian1	牽 鏲 撁 愆 縴 肯 搴 褰 騫 箍 趼 鏗 慳 岍 汧
khian2	遣 犬 譴 繾 肯 畎
khian3	䭤 譴 見 牽 焮 摼 芡 健 㓺 樫
khian5	虔 乾 墘 攑 圻
khiang1	鏗 腔 羌 䃘
khiang2	講
khiang3	勥 強 倞
khiann1	輕
khiann3	慶
khiann7	企 匼
khiannh4	洘
khiap4	怯 儉 㾀 挾 呿 慊 篋 掐 愜 朅 抾 鷞
khiap8	給 搯
khiat4	戛 詰 㓶 孑 嘎 揭 挈 譎 級 契 𨂰 鍥 愒 頡 恝 咭 吉 桀 蹶 絜 攑 䝟 䵟 劼 拮 訐 袺 鐍 朅
khiat8	硈 碣 戛 偈 擖 蹶 桀 揭 砢 黠 䵟 戞 竭 孑 櫭
khiau1	曲 蹺 蹻 橇 樛 翹 屩 𠞟 竅 撽 撬 礄 鞽
khiau2	巧 竅 撟
khiau3	竅 翹 徼 蹺 噭 𠿕 曲 撬
khiau5	喬 挾 鞽
khiau7	翹 撟
khiauh4	礉 撟
khiauh8	礉 碻
khih4	缺 㗆 幾 頰 規 臞
khih8	㗆 頰 起 臞 碕 癯
khik4	刻 曲 克 剋 客 喀 揢 咳 虢 吃 緙 郄 闃 可 莖 麯 尅 鵙
khim1	襟 欽 矜 衿 衾 禽 嶔
khim2	崟 嫵
khim3	搇 撳
khim5	琴 禽 擒 檎 芩 噙 扲 矜 捦
khin1	輕 鏗 氫
khin2	汱 肯 淺
khin3	睏
khin5	勤 芹 懃 矜
khin7	鏗
khing1	輕 框 傾 筐 卿 銎 氫 坑 硜 眶 肯 莖 鏗 擎 涇 頃 檾
khing2	肯 綮 頃 謦 啃 苘 檾 傾 錹 廎 䯧 顈
khing3	慶 磬 掯 謦 罄 輕 亙 綮
khing5	窮 傾 瓊 框 鯨 擎 惸 煢 嬛 敻
khing7	虹 㮓 共 桕 蝀 瓊
khinn1	坑 虔
khinn3	潔 氣
khinn5	鉗 箝 擒 拑 㨴
khio1	拾
khio2	口 𢭙
khio3	徼 竅 徵 𢭙 叩
khio5	猄
khioh4	拾 𢭙 醵 卻 徼
khioh8	𢭙 抾
khiok4	曲 卻 却 蛐 𢭙 腳 麯 麴 攫 蠼 筁
khiong1	腔 穹 姜 羌 蜣 芎 疆 匡 銎
khiong2	恐 鞏 愒
khiong5	窮 跫
khionn1	腔 艽 羌
khionn2	𩭓
khionn7	儉
khior1	㯂
khior3	徼
khior7	彊
khiorh4	醵 秔 稉
khiorh8	稉
khip4	吸 汲 趿 鈒 泣 㬤 級 給 伋 笈 靸
khip8	扱 趿 及 掐
khirn3	鿃
khirn5	勤 芹
khit4	乞 給 吃 詰 气
khit8	杙 櫭 橛 䊕 揵 榤
khiu1	丘 鳩 樛 艽 坵 龜 勼 鬮 蚯
khiu2	搝 扭 豈 拔 揪 糗
khiu5	𧺤 虬 勼 𧺎 虯 跔 樛 求 毬
khiu7	桕 㮓
khiuh8	𦧊
khiunn1	腔 姜 羌
khiunn5	麕
khiunn7	儉 彊 強 犟
khng1	糠 康 圈
khng2	囥
khng3	囥 勸 藏 曠 放 寬 壙 讒
khng7	呠
khngh8	吭
kho1	科 頦 苛 呵 珂 尻 顆 鈳 柯 砢 坷 疴 軻 稞 窠 蝌 磕 虎 考 棵 箍 搕 洘 蚵 剋 髁
kho2	可 考 洘 拷 栲 烤 客 坷 刻 顆 蚵 寧 岢 𥬯 文 課 憐 沛 克 喀 剋 砢 哿 舸 嗑 錁 薧
kho3	靠 課 犒 𣹇 誥 錁 顆 銬 騍 旁 酷 哿 郜 稞 髁
kho5	科 殼 咳 揢 克 𦙫 遨 頦 瘸 葵 搕 欬 魁
kho7	裸
khoh4	復 擦
khok4	硞 酷 擴 殼 柝 廓 确 涸 磕 梏 告 恪 籗 哭 硌 嚳 觳 額 𥕏 牿 郜 漷 矍 㱿 攫 钁
khok8	磕 硞 柝 涸 榼 叩 敲 确 毃 嗑 咯 喀 汨 梏
khong1	空 悾 康 框 倥 硿 匡 洭 箜 亢 圈 糠 筐 閌 砊 眶 崆 矼 箍 戇 腔 蹌 槺 哐 漮 劻 恇 涳 啌 遒 𢬤
khong2	孔 慷 吭 倥 悾 鞏 骯 空 夯 昆
khong3	抗 控 礦 炕 䆲 匟 曠 壙 亢 閌 擴 吭 空 伉 嗊 鑛 囥 悾 倥 熕 贛 獷 纊 騙 犺 鈧 鞚 頏 𠿕
khong5	狂
khong7	砊 悾 康 誆 啌
khonn2	可
khonn5	齁
khoo1	箍 棵 圈 呼 圓 可 眶 彄 顆 元 䉐 員 枯 摳 挎 骷 塊 骹 苦 框 匡 籸 絡 寧 芤 瞘 刳 𣗺 鏂
khoo2	苦 可 口 許 考 憐 楝 庫 勞 叵 釦 滸
khoo3	褲 庫 怐 寇 叩 袴 佝 蔻 簆 扣 胯 敂 靠 攏 課 跨 帑 釦 稞 鷇
khoo5	糊 楞
khoo7	葛
khooh4	喏 刺 虎 剺
khor1	呼
khor2	苦
khu1	軀 區 拘 驅 丘 祛 袪 駒 嶇 坵 窟 摳 跔 呿 胠 去 身 別 痀 哭 胐 氹 挎 芤 毆 刳 侉 劬 敺 朐 抾 魼
khu2	去 褲 庫 齲
khu3	去 厝 臼 瞿
khu5	踞 跔 瞿 衢
khu7	懼 惧 臼 柩 㖵 具 文
khua1	誇 夸 垮 姱 咼 骻 跨 胯 刳 侉 𢴣
khua2	可 許 跨 挎 胯 垮 稍 骻 侉 咵
khua3	掛 靠 看 𣹇 挂 罣 跨 胯 袴 許 快 骻 嘩 挎
khua7	靠
khuah4	闊 渴 掛 罣
khuai1	擓
khuai2	快 獪 筷 塊 蹶 澮 劊 夬 款 蒯 擓 噲
khuai3	快 塊 樂 筷 蒯 擓 噲
khuainn3	快 看
khuainnh4	幀 㡧
khuan1	寬 圈 髖 文
khuan2	款 綣 媕
khuan3	勸 券 睏 款 讒
khuan5	權 環 圈 鐶 拳 惓 文 盤 蜷 鬈
khuang1	哐 匡 筐
khuang2	框 壙 況 鑛 眶 貺
khuang5	誑
khuann1	寬 看
khuann2	款 看
khuann3	看 寬 快 闊 雄 側
khuann7	看
khuat4	缺 闕 闊 闋 孓 蕨 厥 劂 蛞 噘 獗 蹶 嶡 撅 觖 㵐 鐝 憠
khuat8	蹶
khue1	溪 科 魁 盔 詼 稽 悝 恢 夾 刮 葵 暌
khue2	踝 課
khue3	課 契 靠 喫 快 蹶 啃 工 咧 架 囓 𨂰 蕨
khue5	葵 瘸 拁 踔 廁 痂 厠
khueh4	揢 缺 夾 瞌 篋 𨂰 挾 挈 狹 䀹 客 𦙫 𥇙
khueh8	夾 狹 愕 挈
khuh8	汨 汩
khui1	開 虧 巋 分 展 傀 窺
khui2	軌 傀 氣 庋 揆 跬 詭 宄 佹 垝 姽 匭 晷 窺
khui3	氣 悸 愧 季 潰 喟 快 傀 愾 䙡 气
khui5	喹
khui7	氣
khuinn3	快
khuinn5	𦜓
khuinn7	囮
khun1	昆 髡 崑 坤 錕 囷 褌 琨 鯤 鵾 麇 捆 焜 醌 鶤
khun2	捆 綑 懇 菌 墾 困 齦 窘 囷 悃 壼 閫 麇 睏 絪 緄 酚 忐 忼 啃 錹 梱 箘 稛 麕 惲
khun3	睏 困 捆 睡 裉 併 𠳁 臥 屯 捃
khun5	勤 蜷 芹 圈 囷 環 懃 捆 纏 蜠 踡 麕
khun7	窘
khut4	屈 窟 堀 矻 詘 出 冤 氹 𨧱 倔
khut8	𣮈 掘 滑 倔
ki1	枝 機 居 基 箕 技 裾 肌 奇 嘰 飢 譏 饑 支 吱 期 車 肢 其 妓 幾 乩 姬 羈 栀 磯 璣 丌 咭 㗆 几 剞 畿 羇 伊 住 記 童 籠 隆 畸 萁 杖 琚 腒
ki2	指 己 舉 矩 紀 幾 几 机 杞 麂 蟣 莒 已 擬 圮 擡 剞 掎 椐 筥 櫸 屺 玘 汜
ki3	記 據 既 鋸 計 痣 寄 紀 其 覬 洎 丌 㗆 騎 驥 懅 暨 冀 廄 見 繫 徛 鑢 懼 疙 旡 垍 塈 拠 据
ki5	期 其 奇 旗 棋 祈 麒 跂 祇 淇 歧 崎 技 蜞 耆 鰭 畸 踦 岐 沂 丌 伎 圻 芪 俟 渠 騏 萁 虯 祁 旂 蚑 碁 琪 琦 祺 頎 綦 錡 蘄 鬐 枝 子 示 畦 剞 畿 觭 瞿 衹 埼 鯕 芑 疧
ki7	己 技 拒 自 忌 具 妓 騎 距 巨 伎 跽 義 已 芰 徛 誼 懼 俱 暨 垍 洎 陭 惎 炬 苣 忮
kia1	迦 驚
kia3	寄 文
kia5	崎 奇 伽 夯 攑 拁 蚑
kia7	崎 陭
kiah4	揭 屐
kiah8	舉 屐 攑 揭 額 屩 矍 節 桀 丮
kiak4	極
kiak8	劇 矍
kiam1	兼 緘 鶼 尷 搛 蒹 縑 鰜 金 鹹 今 鹼 椷
kiam2	減 檢 鹹 鹼 肷 撿 劒 敢 劍 膁 瞼
kiam3	劍 禁
kiam5	鹹 鹽 嚴 鹼 巖 鮭
kiam7	驗 甩
kian1	堅 𠗻 肩 犍 慳 燕 掮 豜 樫 鞬 妍
kian2	繭 囝 趼 蹇 筧 謇 襺 褰 見 絹 瀽 囡 汱 罥
kian3	見 建 毽 鍵 燕 腱
kian5	言 凝 𠗻 乾 墘 犍
kian7	健 件 胘 鍵 強 犍 腱 㹂 鞬 楗
kiang1	公 疆 缸 僵 姜 鞓 繮 礓
kiang2	強 鏹 繈 襁
kiang3	苷
kiang5	強
kiann1	驚 京 兢 件
kiann2	囝 子 外 夾 讀 仔 寡 囡
kiann3	鏡 件 寄 囝
kiann5	行 筕 驚 檠
kiann7	件 健 吆
kiap4	夾 劫 裌 袷 頰 峽 篋 莢 浹 蛺 愜 狹 挾 俠 郟 鋏 䖼 要 跲 鞈 䀹 䛟 匧 蜐 鿃
kiap8	給 䛟
kiat4	結 潔 吉 橘 桔 揭 孑 佶 偈 拮 羯 咭 絜 㧉 挌 恝 孓 劼 㛃 訐 袺 鴂 鴃 鐍
kiat8	傑 竭 磔 楬 碣 桀 揭 偈 羯 潔 攑 結 白 隉 轆 軲 佶 櫭 榤 鮚
kiau1	驕 嬌 澆 交 攪 僥 徼 邀 儌 溝 抄 憍 礄 鞽
kiau2	攪 繳 局 餃 賭 九 矯 徼 蹻 僥 皎 博 調 童 裱 撟 儌 皦 屩
kiau3	叫 徼 噭 語
kiau5	喬 橋 翹 僑 嶠 蕎 荍 趫 鞽
kiau7	撟 轎 撬 矯 撠 𪮮 嶠 勪
kiauh4	攪 撟
kih4	砌 築 㗆 臞 旗 踹
kih8	㗆 飢 咭 戰 嘰
kik4	激 格 擊 革 隔 嗝 戟 亟 極 鬲 棘 膈 骼 殛 墼 菊 挌 滆 槅 氪 鵙 假 音 決 撠 粟 馘 虼 茖 撽 緙 毄 湨 鴃
kik8	極 劇 玉 局 屐 格 獄 屩
kim1	金 今 襟 禁 鈀 衿 憐 錦 淬 籠 慍 爍 鑠
kim2	錦
kim3	禁 噤
kim5	砛 吟
kim7	妗 扲 噤
kin1	根 今 巾 筋 斤 跟 均 芎 矜 緊 泉 都 近 肋 綸 鈞 觔 迄 筠
kin2	緊 謹 僅 囝 囡 巹 堇 槿 速 蓳 墐 瑾 蚓
kin3	見 絹 靳 艮 擎 瑾 覲
kin5	垽 緊 瀽 蹇 齗
kin7	近 僅 饉 睛 瑾 覲 拍 比 堇 墐 廑 殣
king1	經 間 肩 莖 耕 弓 供 㧈 更 驚 鯨 芎 宮 京 羹 矜 庚 涇 荊 扃 輕 挭 兢 冋 秔 稉 賡 鶊 觥 麖 蕉 語 揀 景 灣 𩛿 緪 杛 唪 襇 黥 浭 絚 埂 肱 拱 擎 硜 駉 冏 勍 陘
king2	景 境 警 揀 襇 耿 竟 拱 筧 儆 襉 憬 梗 簡 頸 灣 哽 鯁 骾 龔 梘 剄 璟 扃 泂 炯 迥 絅 更 敬 觸 署 栱 埂 綆 繭 咽 撿 冋 駉 冏 炅 㯋 熲 臩
king3	敬 競 更 供 警 徑 竟 勁 亙 鏡 獍 逕 音 經 頸 句 莖 靂 脛 痙 陘
king5	窮 黥 檠 迎 鯨 擎 勍 惸 煢
king7	頸 競 勁 脛 梗 烴 硬 經 挭 倞 哽 鯁 綆 骾
kinn1	更 羹 經 焿 鹼 鹻 墘 庚 京 鹹 驚 栀 梔
kinn2	骾 鯁 耞 哽 漳 梗
kinn3	見 徑 尸
kinn5	墘 舷 經 疑 紕 築 僅 圻 㨴
kinnh4	見
kinnh8	咭 㗆
kio1	溝
kio3	叫 淬 咯
kio5	橋 茄 蕎 水 蕘
kio7	轎 叫 譊
kioh4	腳 叫 角 裹
kiok4	菊 局 鞠 腳 屩 蹻 掬 矍 鋦 鞫 麯 麴 挶 椈 踘 鐝 攫 蠼 钁
kiok8	局 劇 噱 玉 鋦 屩 醵 侷 跼 屐 矍 臄
kiong1	恭 宮 供 弓 疆 躬 芎 僵 京 薑 姜 繮 礓 肩 給 韁 塨 龔 羌 鏹 穹
kiong2	強 拱 栱 鞏 共 供 仰 珙 鏹 襁 勥 龔 膙 繈 槳 彊
kiong3	供 僵 強
kiong5	強 窮 彊 筇 勥 瓊 蛩 跫 蔸 藭 邛
kiong7	共 強 僵 勥 糨 弶 彊 倞 犟 謽
kionn1	薑 韁 腔 姜 繮 茈
kionn7	強 謽
kip4	急 級 給 伋 及 霤 汲 芨 岌
kip8	及 笈 圾 芨 鈒
kir2	舉
kir3	漳
kir7	距
kirh8	㞘
kirn1	筋
kirn3	近
kirn7	近 視 虹 蝀
kirt4	𫀸
kit4	急 吉 結 給 疙 姞 訖
kit8	姞 文 語 佶 鮚
kiu1	勼 𧺤 縮 跔 鳩 龜 赳 樛 俅 𨁺 九 繆 匊 鬮 㽱 虯 𧺎 朹
kiu2	久 糾 九 灸 韭 玖 㽱 赳
kiu3	究 救 糾 灸 絿 疚 廄 艽 赳 鼼
kiu5	求 球 毬 仇 裘 絿 艽 虯 逑 巰 璆 歸 俅 犰 訄 觩 賕 厹 禸
kiu7	舊 舅 柩 咎 臼 疚 桕
kiuh4	匊 救 縮 掬 吸 咕 䶋
kiuh8	吸 啁
kiunn1	薑 韁 腔 繮 荊 麞 強 疆 姜 茈 犟
kiunn5	強
kiunn7	強 犟 謽 彊 廈 勥
kng1	光 扛 缸 掆 工 條 鋼 擡 碙 岡 崗
kng2	捲 管 卷 廣 蜷 倦
kng3	貫 鋼 券 絭 卷 槓 串 桊 嚴
kng7	縮
ko1	高 膏 篙 哥 糕 歌 戈 咯 鍋 咼 胳 牁 鴿 咖 肐 袼 羔 過 𩰬 疙 𦬗 瘕 擱 堝 科 麗 紇 蒿 槔 仡 圪 咎 皋 睾 稾 蝸 渦 撾 音 文 歹 啡 莖 辜 藁 柯 吤 𦨜 嗝 舸 箇 櫜 鼛 梗 錁 菏
ko2	果 稿 稾 藁 裹 個 粿 虼 硌 鉻 杲 槁 縞 鎬 菓 蜾 餜 薧 音 栲 復 擱 哿 舸 箇 搞 暠 錁
ko3	復 讀 告 過 個 更 划 各 付 膏 箇 誥 鋯 可 却 佫 郜 裹
ko5	𩰬 㩝 隔 膏 笱 蛤 咯 葛 糊 閣 格 咼 鬲 翱 文 瘸 胳 嗝 丐 鎘
ko7	膏 硞 硌 號 㩝 代 滾 遨 翱
koh4	復 讀 胳 更 閣 各 卻 佫 付 擱 句 咯 落 可 廓 肐 袼
koh8	咯 過 却 復 卻
koi1	該
kok4	國 各 穀 嘓 谷 咯 摑 胳 閣 郭 轂 榖 擱 肐 袼 崞 蟈 幗 漍 膕 椁 顎 個 音 孤 白 鈷 喔 告 馘 廓 佫 牿 茖 鉻 骼 唂 鋊 濲 鵠 梏 虢 槨 漷
kok8	咯 擱 嘓 國 各 摑
kong1	公 功 光 攻 工 講 剛 胱 桄 肛 綱 宮 拱 弓 鋼 掆 岡 罡 崗 地 人 舵 缸 棡 洸 蚣 觥 矼 語 司 紅 扛 賁 膀 績 江 豇 犅 䤝 伉 杠 疘 釭 堽 侊 銧 肱 茳
kong2	講 廣 管 栱 公 礦 鄺 話 摃 貢 仰 愖 槓 獷 逛 鑛
kong3	摃 貢 嗊 槓 絳 桄 過 熕 鋼 戇 誆 誑 逛 攻 騙 擴 吥 掆 贛
kong5	狂 俇 鵟 軖 昂 楗 𨎩
kong7	𢗾 逛 誆 誑 工 戇 儑
konn3	嫳 柵 熅
konn5	鼾
koo1	姑 孤 枯 菰 溝 菇 膏 呱 鴣 句 辜 鉤 勾 蛄 箍 購 骷 佝 軲 枸 觚 高 咕 挎 𦨜 緱 篝 鞲 沽 酤 焦 國 淖 苦 古 韝 拘 丈 尼 篙 黴 胍 坩 冓 媾 搆 罟 刳 泃 𩆸
koo2	古 鼓 股 估 鈷 牯 賈 𥑮 枸 苟 詁 蠱 果 䀇 稾 臌 骨 岣 嘏 鑱 顧 早 擂 蚼 狗 垢 罟 羖 瞽 父 參 穀 噴 詬 鈴 慍 笱 佝 冓 沽 茍
koo3	顧 故 固 構 過 雇 購 糊 彀 勾 錮 佝 媾 痼 夠 句 詬 遘 覯 呴 冓 搆 雊 崮 堌
koo5	糊 餬 句 鰗 耇
koo7	怙 五 故 講 咯 辜 苟
kooh4	咯
kop4	嘓 鞹
kor2	古 蠘
kor3	稞
ku1	龜 居 痀 裾 古 佝 車 咕 蚼 奇 踞 呱 菇 骨 久 姑 軲 軀 菰 估 轂 俱 劬 椐 琚 家 孤 厾 過 鈷 股 矩 拘 箍 鼉 跔 辜 却 胍 骷 瘕 呴 駒 沽 酤 觚 唂 罟 拱 泃 腒 鮈 𪚩
ku2	久 舉 矩 韭 語 估 莒 故 蒟 窶 梏 韮 踽 櫸 舁 文 顧 告 固 鋸 愖 擡 牿 枸 距 崮 椐 柜 筥 秬 虡 籧 齲
ku3	句 據 鋸 踞 灸 勾 倨 燂 窶 屨 瞿 漳 廈 骨 舊 究 鑢 距 泃 遽 鐻 蘧 籧 拠 据
ku5	渠 瞿 骨 蕖 璩 鼩 籧 癯 劬 蠼 朐 斪 鴝 磲 蘧 氍 欋 衢 蠷 文 痀 娛 瘻
ku7	具 舊 拒 舅 距 巨 懼 俱 虡 咕 咯 呴 苣 御 鈀 句 踞 柜 炬 倨 犋 詎 鉅 颶 灣 醵 鐙 窶 岣 雊 遽
kua1	歌 瓜 枯 呱 乖 顆 刮 柯 聒 媧 擱 覊 乾 過 括 胍 牁 文 官 羈 颳 緺 鴰 騧 羇 喎
kua2	寡 許 我 掛 蓋 挂 褂 罫 剮 詿
kua3	掛 蓋 卦 過 芥 挂 褂 罣 𠰻 絓 詿 吊 弔 爻
kua5	㞘 呱
kua7	外 捾 誇 若 綰 企
kuah4	割 括 葛 刮 鈀 劙 䒷
kuah8	割
kuai1	乖 瓜 蛙 強 關 杆
kuai2	枴 拐 怪 稈 獪 筸 蒯 杖
kuai3	怪 獪 古 壞
kuai5	蛙
kuai7	乖 𫏓 躗 讆 癖 拐
kuaih4	凳
kuainn1	關 杆 桿
kuainn2	枴 桿 稈 股 秆 柺
kuainn3	慣
kuainn5	懸 高
kuainn7	縣 鼎
kuainnh4	拐
kuainnh8	咯 噘
kuak8	聒
kuan1	關 觀 官 冠 捐 棺 鵑 鰥 綸 軍 瘝 涓 管 倌 娟 悁 蠲 罐 菅 淪 莞 琯 菤 蜎
kuan2	管 館 卷 冠 阮 玩 灌 觀 斡 捲 脘 琯 筦 盥 錈 拍 貫 摜 顴 莞 輨 錧 鸛 㐾 菤
kuan3	慣 罐 灌 貫 券 冠 卷 眷 觀 盥 狷 絹 顴 倦 串 祼 鸛 悁 桊 鄄 睠 穿 絭 摜 毌 丱 雚 瓘 鑵 睊 罥
kuan5	高 懸 權 原 顴 讀 拳 元 鬈 嫄 語 縣 撐 捲 蜷 卷 塬 玄 睠 惓 踡 刓
kuan7	縣 倦 懸 圈 願 慣
kuang1	桄 光 胱
kuang2	桄 臩
kuang3	達
kuang7	踐 跈
kuann1	官 肝 棺 乾 菅 干 杆 竿 捾 文 綰 冠 寒 桿 倌 蕳 蕑 娟
kuann2	趕 寡 許 剮
kuann3	汗 觀 蓋 綰
kuann5	寒 恂
kuann7	汗 捾 綰 摜 弙 提 絭 毌
kuat4	決 訣 括 抉 刮 蹶 聒 块 橛 适 孓 炔 趹 活 栝 䒷 鴰 譎 噘 玦 駃 鴃 斷 蕨 蛞 厥 劂 鴂 鵙 撅 觖 獗 鐍 憠 闋 吷
kuat8	抉 蹶 月 決 礅 块
kue1	雞 瓜 街 機 蛙 乖 灣 龜 說 尾 解 籠 隆
kue2	果 粿 解 改 庋 過 漳 炸 說 炙 柚 疥 碻 𦠖 菓 餜
kue3	過 界 怪 計 獪 檜 會 疥 劊 髻 膾 解 鱖 儈 潔 蹶 劌 澮 鄶 鱠 泉 捎 蕨 襘 鱥 噲 旝
kue5	瓜 鮭
kue7	會 過 易 乖 快 外 噲
kueh4	胳 潔 鍥 刮 郭 語 機 疥 橛 廓 𨂰 刲
kueh8	橛 狹 月 截 挾
kuh4	句 過 卻 究 𣢯 吸 可 却
kuh8	過 句 呴 咕 可 却 久 夠 卻 蜑
kui1	歸 規 佹 胿 龜 機 瑰 皈 袿 窺 幾 圭 閨 奎 掇 䲅 珪 溈 鮭 鬼 詭 軌 邽 硅 銈 媯 瓌
kui2	幾 鬼 軌 詭 宄 庋 傀 匭 季 雄 癸 晷 簋 揆 佹 垝 姽 恑
kui3	貴 季 挂 瑰 桂 檜 掛 劌 劊 癸 悸 愧 軌 罣 瞶 刲 眭
kui5	葵 懷 馗 揆 戣 危 喹 逵 夔 騤 魏
kui7	歸 櫃 跪 匱 遺 懷 饋 悸 蕢 膭 簣 聵 餽 柜 貴 規 臾
kuih4	刮 刲
kuih8	見
kuinn1	關 杆 桿 廈 光 間
kuinn2	捲
kuinn3	慣
kuinn5	懸
kuinn7	縣
kun1	軍 根 巾 君 筋 斤 跟 均 鈞 龜 觔 皸 麇 關 都 滾 涒 袞 潼 肋 犒 綸 迄 麕 釿 筠
kun2	滾 䫀 緄 管 諢 袞 蚓 棍 鯀 混 衮 輥 穩 紕 攪 沸 忼 𥕦 蔉 窘
kun3	棍 滾 艮 劤 茛 䫀 拫 掍
kun5	群 拳 裙 焄 𤉙 麇 麕
kun7	近 郡 群 睛 拍 比 菌 倲 窘 捃
kut4	骨 滑 搰 出 掘 榾 蓇 䯇 扢 鶻 橘 仡 顴 杚 餶
kut8	滑 掘 倔 堀 汨 汩 猾 崛 摀 𣮈 鶻
la1	啦 拉 喇 樂 了 㬮 邋 垃 辣 落 瘌 藍 圾 剌 饞 挪 鞡
la2	落 辣 剌 仔 瘌 臘 擸 哪 刺 喇 吶 邋
la3	啦 了 喇 拉 垃
la5	膋 蟟 喇 拉 旯 鯪 磟 蜊 蟧 嚨 蘿 剌 儖 揦 螺 掠 朥 邋 鐃 流 癔 咬 膫 蠨
la7	撈 撓 鬧 啦 納 覓 𨚗
lah4	垃 喇 拉 蠟 剌 臘 勒 噴 圾 曆 獵 邋 擸
lah8	蠟 獵 曆 臘 勒 喇 魶 拉 癧 靂 腊 啦 納 蚋 鑞 鰳
lai1	人 起 來 鶆
lai2	懶 癩 賚 歹 厲 倈 徠 癘
lai3	來 漏
lai5	來 梨 萊 棃 徠 倈 崍 錸 鶆 舶 摀 淶 郲 漦 杖 叕
lai7	內 利 賴 事 徠 睞 鴟 來 工 裏 覓 癩 礪 瀨 倈 淶 賚 籟 俐 䊪 裯
laih4	欸
lak4	落 橐 轆 漉 摝 力 錄 搦 六 喇 垃 囊 旯 簏 軲 槖
lak8	六 搦 掠 力 磟 慄 略 轆 落 百 碌 漉 犖
lam1	籃 㲯 籠 襤
lam2	攬 荏 覽 欖 爁 蝻 腩 懶 罱 壈 弱 纜 萳 灠
lam3	湳 濫 𨂾 坔 罱 襤 腩 揇 䟜
lam5	南 男 淋 藍 襤 籃 婪 湳 喃 楠 啉 儖 蝻 嵐 父 性 簾 混 譚 諵 㲯 啐 弇
lam7	濫 艦 爁 檻 漤 念 男 㲯 灠 欖 纜
lan1	零 跰 瀾 牙 𡳞 胼 趼 洋 跉
lan2	咱 懶 㑑 爛 赧 攤 恁 濫 輾 戁
lan5	難 零 蘭 欄 鱗 瀾 闌 南 讕 㔂 藍 攔 斕 幱 文 蠻 星 籃 屯 鑭 䪍
lan7	難 𡳞 卵 瀾 爛 脬
lang1	㰍 籠 窩 空 啷 櫳 蘢 踈
lang2	籠 攏 朗 儱 閬 浪 莨 埌
lang3	𥦌 人 㰍 䆡 曠 𠶬
lang5	人 籠 膿 聾 礱 榔 隆 螂 嚨 狼 寡 灣 鋃 瑯 琅 踉 虫 老 農 弄 呵 給 丈 䆡 噍 濃 莨 儂 桹 稂 奘
lang7	弄 人 挵 籠 𥦌 變 䆡 疎
lap4	凹 䟜 垃 納 塌 踏 𠕄 蹋 衲 躐 拉 圾 訥 繳 吶 邋 擸 𠜼
lap8	納 拉 衲 蠟 臘 吶 喇 垃 鈉 𩹾 邋 鑞 文 啦 內 力 䟜 魶 𠕄 訥 㨥 磖 腊 儠
lat4	力 捺 啦 喇 剌
lat8	力 栗 辣 剌 喇 叻 瘌 文 鰳 捺 出 頭 呵 癧 鬎 慄
lau1	撓 撈 譊 嘮 呶 㨮
lau2	老 撓 咾 落 㪹 勞 潦 嘮 扭 耮 謱 蓼 音 語 佬 樂 絡 忸 澇 侗 烙 軂 𤻲 荖 硌
lau3	漏 落 老 澇 㪹 㨨
lau5	流 留 樓 劉 鐃 牢 嵌 醪 潦 呶 文 撓 泡 瘤 嘮 怓 硇
lau7	老 鬧 漏 淖 橈 夾 撓 流 潦 荳 瘻 瘺
lauh4	落 篤
lauh8	落 磕
le1	咧 絡 爾
le2	禮 詈 醴 儡 蠡 咧 瘰 里 傀 澧 鱧 抵 尼 嬭 禰 劙 豊
le3	咧 礪 勒 鑢 禮 麗 哱
le5	螺 犁 璃 麗 黎 瓈 挼 犂 驪 鸝 藜 個 梨 蔾 蜓 黧 腡 離 台 絡 𩑾 泥 剺 坭 棃 蠡 犛 鱺 鮭 䛏
le7	例 麗 勵 厲 隸 鑢 儷 礪 荔 癘 戾 尼 鱺 莉 淚 唳 糲 蠣 篱 第 瓈 曬 沴 蜧 攦 𨁸
lee3	咧
leh4	咧 勒 捋
leh8	咧 裂 笠 捩 㔏 礫 烈 檸 靂 嘞
li1	哩 汝 離 𠻗 裡 入 字 囉 籬 璃 狸 咿 藜 嬉
li2	汝 理 女 里 旅 李 子 裏 你 哩 鯉 履 力 利 俚 爾 喱 邐 裡 戾 瘰 荔 嚦 鬲 詈 娌 悝 栗 櫟 躒 酈 鯪 音 意 厲 語 粒 費 客 吏 癧 瀝 尔 屢 褸 慄 浬 鋰 纚 溧 藶 糲 蠣 蟟 疄 梠 儞 䰖 媕 鉺 㚢
li3	攦 𠜣 字 剺 汝 裂 哩 剓
li5	而 兒 離 簾 籬 狸 厘 驢 梨 帘 釐 璃 尼 麗 藜 閭 氂 喱 漓 蠡 嫠 黐 淋 魑 蜊 漦 犛 貍 罹 縭 灕 蘺 劙 漳 音 已 哩 草 犁 簿 櫚 鐮 剺 俚 醨 驪 鱺 纚 騾 廬 䔧 摛 螭 洏
li7	字 利 離 二 膩 吏 厲 慮 而 濾 餌 痢 莉 哩 俐 詈 鈀 侶 窵 涖 珥 鉺 地 素 文 別 鑱 白 句 併 沛 鋁 佴 隸 浰 呂 梠 貳
lia1	遮
lia2	惹 若 喏 般 粒
lia7	喏 偌
liah4	跡 掠 蹟 迹 摘 拆 剽 塔 剺
liah8	掠 搦 撂 𥍉 力 拿 筊 略 剽 拏
liak8	略 力 掠 啦
liam1	拈 躡 踗 連 跕 臨 念 捻 冉
liam2	染 斂 膁 蘞 殮 襝 薟 蚒 臉 冉 苒 荏 淰 歛 瀲 凜 撿 肷
liam3	念 捻 埝
liam5	連 黏 廉 粘 臨 鐮 淋 鮎 鎌 膁 鯰 濂 簾 拈 帘 臁 薟 蘞 賺 奩 磏 蠊 邊 立 聯 簷 蚒 溓 檐 鬑 襝 搛 襜 髥
liam7	念 殮 唸 斂 捻 彼 瀲
lian1	蔫 音 嗹
lian2	輦 輪 撚 輾 臉 璉 跈 連 練 斂 碾 攆 蘞 鍊 殮 轂 謰 蹍 僆 瀲 攣
lian3	輾 輪 圝 圞 輦 攆
lian5	然 連 年 聯 蓮 憐 燃 令 鰱 謰 漣 褳 難 薟 漳 音 房 簾 少 立 蓬 零 蘭 侗 嗹 帘 奩 怜 宛
lian7	練 煉 連 鏈 鍊 僆 楝 揀 老 然 聯 荔 閵
liang1	量 梁 叫 鏗 璫 粱 囮
liang2	嚷 晾 亮 量 踉 兩 涼 輛 掠 拎 莨 倆 魎
liang5	涼 粱 量 梁 良 娘 糧 樑 莨 喨 高 諒 亮 蜋 踉 墚
liang7	亮 量 諒 讓 涼 膚 輛 倞 悢 喨
liap4	捏 攝 懾 𥍉 拉 粒 襵 捻 聶 囁 灄 苶 躡 鑷 讘 摺 褶 涅 睫
liap8	粒 捏 獵 立 囁 拉 躐 臘 粘 廿 邋 黏 二 蠟 襵 𩯡 躡 囡 涅 顳 鑞 鬣
liat4	遮 列 熱 烈
liat8	熱 列 烈 裂 咧 捩 冽 趔 洌 鬧 立 苶 涅 茢 鴷
liau1	了 撩 爪
liau2	了 擾 爪 瞭 撂 撩 釕 燎 嫋 尥 潦 鐐 蓼 嬈 繞 一 音 料 嬲 ② 槖 繓
liau3	抓 料 了 紗 爪 縐 潦
liau5	條 療 寮 僚 皺 䩌 聊 撩 繚 蹽 燎 潦 遼 縐 鐐 瞭 獠 寥 膋 蟟 飂 醮 蕘 嘹 鷯 讀 𧽽 橈 佬 嘍 膫 饒 著 了 音 流 樓 繆 嬈 漻 敹 䜍 廖 ③ 撂 簝
liau7	料 繚 鐐 尥 繞 廖 瑤 燎 撂 療 瞭 撩 氨 尿 纏 溺 釕 敹 珧
lie1	咧 趔
lie2	裂 捩 躐 劣 烈 埒
lie5	咧
lih4	裂 利 𠜣
lih8	裂 㧫 轣 哩 捏 捺 嚦 咧 按
lik4	勒 力 栗 忸 暱 慄 篥 呃 癧 尼 阨 扼 曆 慝 歷 爍 嫡 衵 惄 肋 泐 簕 傈 凓 溧 搿 鑠 昵 軛
lik8	力 綠 歷 曆 錄 肋 靂 勒 匿 癧 碌 瀝 櫟 菉 溺 鬲 爍 叻 鰳 轢 躒 酈 淥 陸 暱 仂 栗 櫪 藶 礫 鎘 搦 筊 嚦 衵 竻 泐 嘞 慄 欐 轣 氯 昵
lim1	啉 飲 字 韌
lim2	忍 凜 僅 稟 廩 懍 檁 飪 稔 牣
lim3	任 賃
lim5	臨 林 淋 霖 任 痳 尋 廉 琳 啉 蟳 壬
lim7	任 認 賃 飪 仞 臨 恁 衽 紝 念 啉 韌 紉 葚 刃 妊 牣 軔
lin1	乳 輪 鈴 奶 玲 裏 輾 人 裡 艿
lin2	您 恁 淋 痳 動 果 忍 磷 疄 賃
lin3	恁 裏 輪 裡 輾 蹸 圝 轉 圞 鈴 掄 轔
lin5	人 仁 鄰 鱗 磷 麟 憐 燐 綾 淋 轔 漳 恁 粼 嶙 璘 遴 瞵 麐 方 林 蕉 輪 臨 藤 㔂 潾 疄 齦
lin7	認 吝 藺 磷 遴 佞 躪 泉 見 練 輸 𡳞 韌 紉 刃 疄 麐 轔 仞 牣 軔
ling1	乳 奶 瓏 檸 蘢 靈 凌 玲 嬭
ling2	冷 領 令 伶 嶺 濘 踜 儜
ling3	踜 躘 愣
ling5	能 龍 鈴 零 靈 齡 壟 薐 陵 寧 稜 嚀 凌 棱 苓 菱 伶 令 拎 綾 擰 蛉 樑 另 濘 睖 磷 囹 泠 羚 翎 櫺 扔 鴒 掕 玲 巖 檸 甯 獰 聹 崚 塄 楞 瓴 淩 笭 聆 鯪 酃 隴 眼 可 𢯩 龐 岩 叮 艿 䗿 鸋 愣 碐 怜 舲 堎 跉 軨 醽 蘢 夌 仍 碞
ling7	令 另 冗 儾 寧 楝 鴒 濘 閵 𤷖 踜 寬 量 愣 崚 翎 定 語 佞 稜 擰
lio2	瞭 瞜 鏤 䀩 睩
lio3	尿 軁
lio5	撩 撈 掠
lio7	尿 溺 漏
lioh4	瞭 睩
lioh8	略 弱
liok4	逐 肉 弱 陸 追 忸 恧 氯 鑠
liok8	弱 陸 辱 略 搦 六 肉 錄 若 褥 掠 菉 綠 碌 蓼 撂 戮 磟 箬 諾 鍩 逯 勠 騄 䱚 籙 溽 蓐 暴 路 喏 軸 虐 忸 爍 肭 恧 朒 衄 瘧 淥 硉 僇 睩 醁 錴 氯 彊 蒻 縟
liong1	讓 良
liong2	兩 嚷 輛 倆 釀 魎 攘 壟 隴 𣭲 攏 冗 壤 啢 裲 氄
liong3	踜 躘 釀
liong5	良 龍 量 絨 隆 茸 涼 梁 莨 踉 娘 樑 粱 狼 糧 孃 輬 窿 癃 戎 諒 瓏 踞 龐 瀧 蘢 襱 躘 瓤 瀼 蘘 禳 穰 羢
liong7	量 諒 讓 冗 涼 亮 踉 晾 隆 喨 陰 良 釀 輛 倞 躘 瀼
lip4	入 趇 立
lip8	入 立 粒 笠 崖 廿 苙 爖
lir2	女
lir7	侶
lit4	日 哩
lit8	日 曆 馹 是 別 今 朝 暱 慄 栗 傈 溧
liu1	溜 抽 遛 㨨 鰍 六 鰡 瑠 嚕 扭 餾 瀏 籀
liu2	紐 柳 鈕 綹 扭 忸 溜 杻 狃 音 碡 妞 罶 攲
liu3	溜 㨨 遛 流 紐 廖 霤 鷚 撧
liu5	流 留 柔 榴 瘤 琉 硫 揫 旒 餾 糅 溜 遛 瀏 石 鞣 揉 飂 劉 鎦 騮 鶹 音 犁 綢 漂 𦞧 鎏 鏐 飀 霤 鰇 摭 蹂
liu7	餾 溜 遛 熥 鰡 鎦 熘 鷚
liuh4	溜 皵 遛
liuh8	溜 略
lo1	了 囉 烙 落 老 勒 咯 嘮 音 羅 牢 捋 褦 肋 餎
lo2	惱 咾 老 潦 栳 腦 捋 佬 勒 䇭 樂 瑙 娜 蠃 落 哷 文 哪 垃 銠 蓼 蓏 來 父 那 瘰 洛 吶 儺 肋 埒 姥 荖 仂 砢 裸 蛶
lo3	躼 落 老 𨱵 軂 䠷 潦 咾 軁
lo5	勞 羅 鑼 醪 囉 牢 螺 澇 邏 蘿 挼 哪 那 濁 癆 騾 籮 撈 娜 腡 蠃 伯 嘮 𨚗 猱 儺 嶗 蟧 鐒 嫪 攞 覶 儸 玀 欏 音 難 蔔 劇 氌 潦 鏤 漯 吒 峱 挪 摧 嘍 蠡 罹 膋 膫 摞 𤄷
lo7	烙 勞 號 𦗖 暖 嘮 嫪 摞 撈 懦 耮 潦 澇 糯 邏 裸 重 躼 漯 煖
loh4	落 囉 貉 洛
loh8	落 絡 樂 駱 烙 硌 施 沈 淋 洛
lok4	漉 橐 落 樂 鹿 錄 絡 碌 恧 衄 鉻 槖
lok8	樂 落 錄 鹿 絡 祿 駱 酪 碌 諾 漉 轆 咯 洛 烙 濼 麓 硌 泊 甪 櫟 犖 角 魄 躒 淥 簏 珞 雒 囉 搦 喏 橐 弁 貉 鄜 彔 盝 睩 鵅 鉻 槖 苑
lom1	籠
lom2	荏
lom3	坔 湳
long1	爖 瓏 囊 瑯 啷 𢲲 挵 攏 籠 膿
long2	攏 朗 籠 挵 儱 壟 閬 攮 曩 烺 隴 絨 聾 齉 饢 櫳
long3	挵 哢 䆡 弄 浪 閬 撞 曠 埌 𥦌 硠 烺 踉
long5	農 濃 狼 囊 籠 郎 膿 廊 螂 莨 閬 櫳 榔 桹 攏 浪 礱 鋃 瑯 琅 踉 瀧 鈀 嚨 㰍 瓏 憹 聾 囔 儂 噥 穠 醲 硠 蜋 嫏 曨 朧 矓 蘢 音 鈴 桄 膛 隆 齉 饢 襛 稂 埌 爖 狠
long7	弄 浪 梇 閬 挵 莨 哢 埌 㟖 閂 𥦌 齉 㫰
loo1	嚕 了 囉 嘍
loo2	魯 努 鹵 滷 櫓 擄 虜 嘍 弩 惱 氌 摟 嶁 簍 艣 磠 蘆 箬 怒 砮 塿 瘺 鐪 裸 擼 衂
loo3	露 嘮
loo5	爐 蘆 奴 鱸 螺 婁 嘍 鑼 僂 瑚 樓 耬 盧 駑 壚 廬 鸕 羅 勞 瀘 謱 鏤 帑 孥 摟 蔞 臚 艫 瞜 髏 顱 𠞭 螻 簍 櫨 纑 轤 褲 蔔 軁 宣 氌 螄 呶 砮 廔 漊 䝏 轆 腡
loo7	路 露 陋 螺 鷺 賂 怒 鹵 蕗 輅 漏 潞 瘻 裸 櫓 滷 璐 文 赤 哪 道 辭 螄 碌 鏤 耨 弩 瘺 虂 簵 擼 𩆸
looh4	嘍
lop4	濃
lor1	咯 了 囉
lor2	蓏
lor5	腡
lor7	露
lu1	嚕 𡃖 溜 擄 擩 㧣 茹 摟 搿
lu2	女 愈 旅 汝 籹 屢 露 乳 縷 褸 轆 路 陸 漉 僂 鹿 碌 釹 漊 窶 戮 潞 稆 膂 穭 擩 角 鋁 侶 拄 嶁 䝏 瘻 ④ 臚 𨁸 呂 梠 蝸 癒 䰖 媕 庾 瘐 窳
lu3	鑢 嚕 攄 𡃖 台 侶 謱
lu5	如 茹 驢 顱 儒 袽 注 櫚 臾 俞 諛 閭 端 前 拚 爐 蘆 辭 祀 婁 窵 瘻 廬 臚 覦 嚅 孺 薷 揄 隃 瑜 焦 堅 司 度 條 緣 帛 舶 產 錯 濼 紀 缺 績 役 陽 𤶃 喋 榆 豚 媮 蠕 髗 艫 鑪 罏 襦 嘏 漬 㨻 萸 銣 濡 顬 崳 愉 渝 腴 逾 窬 蝓 踰 瘐
lu7	喻 慮 裕 濾 呂 鋁 女 侶 洳 櫚 鑢 諭 字 如 儒 嘟 梠 稆 穭 銣
lua3	瀨
lua5	籮
lua7	若 賴 偌 瀨 外 埒
luah4	捋 蠚 熱 埒
luah8	熱 捋 辣 焫 埒 爇 掠
luan1	暖 孿
luan2	暖 軟 卵 亂 臠 擩 嫩 懶 塬 輭 蠕 媆
luan3	亂 焦
luan5	戀 鸞 攣 臠 鑾 孌 欒 巒 灤 孿 嫪 圞 𥽸 癵
luan7	亂 戀 攣 臠 談 絞 堧
luat4	劣 捋 埒 哷 鋝
luat8	捋 辣 埒 鋝
lue2	詈 餒 罵 餧
lue3	鑢 礪
lue5	犁 挼 犂 捼 撋 犛
lue7	內 銳 鑢 礪 氝 篱 蚋 耒 鱺 鱧 睿 枘 芮
lueh8	笠
luh4	𨁸
luh8	嚕
lui1	鐳
lui2	蕊 蕾 累 壘 瘰 縷 漯 屢 儡 礌 磊 褸 歪 虆 耒 誄 藟 橤
lui3	類 褸 替 對
lui5	雷 擂 累 癗 纍 鐳 嫘 檑 縲 罍 掣 羸 虆 蕤
lui7	類 累 擂 縋 礌 淚 彙 耒 酹 櫑 誄 纇 㔣
lun1	掄 溫 縮 圇 輪 伸 蠕
lun2	忍 碖 懍 碾 論 埨 冷 蠕 怕 腀 磮 恂 愞
lun3	論 潤 蠕 蝡 踜 崙 蜦
lun5	輪 倫 論 掄 綸 圇 侖 崙 淪 亂 淋 蜦
lun7	論 潤 韌 崙 閏 埨 嫩 媆 亂 淪 靭
lut4	脫 甪 黜 𢫫 溜 律 嚕 角 落 率 禿 肭 𢴎
lut8	律 𢫫 率 捋 壘 吶 訥 肭 硉 𨁸 葎 焦 嚕 柮 嵂
m1	伓 呣
m2	姆 親 呣 唔
m3	伓 瞈 唔
m5	苺 莓 呣 梅 嘸 剝 伓 白 𠳝 呒
m7	伓 不 呣 堅 壓 苺 鼉
ma1	媽 麼 摩 嘛 蟆 嗎 嬤 哞 台 挱
ma2	媽 馬 滿 螞 罵 禡
ma3	嗎 墨 伏
ma5	麻 明 嗎 蟆 麼
ma7	罵 亦 明 禡
mah4	肉
mai1	糜 廈 賣 蕒
mai2	挽 賣 脈 每 嘪 擺 買 ② 邁
mai3	嘪 擡
mai5	糜 埋 霾
mai7	覓 昧 賣 邁 𥌚 蠆
mak8	螞
man1	顢
man2	慢 漫 鏝 謾 幔
man5	饅 顢 謾 鞔 蠻 漫 鰻
mang5	芒 忙 氓 盲 蟒 杧
mau1	貓 毛 摸
mau2	貌 毣 瑁 耄 瞀
mau5	矛 茅 毛 蝥 鍪 蟊 錨 酕 旄
mau7	貌 冒 磣
me1	搣 語 咪 羋
me2	猛 蜢 米
me3	罵
me5	暝 冥 盲 芒 明 鋩 夜 瞑 睛 矇 啞
me7	罵 妹
meeh4	扞
meh4	蜢 脈 猛
meh8	脈 搣 蛘
mh4	呣
mi1	密 搣 麼 邊 綿 咪 瞇 迷 鞭
mi2	彌 秘 謎 密 蜜 汨 汩 蔤 謐 糸
mi3	彌
mi5	暝 棉 綿 冥 盲 明 芒 迷 瞑 夜 謎 糜 貝 績 靡 彌 睛 啞 冞
mi7	麵 麪 尾 炙 拌 媚
mia5	名 明 朴 柵 清 灣 苞 柚 丈 澎 瑰 蜚 奘
mia7	命 拚 性 噍
mian1	抿
mian2	麵 面 眄 麪
mian5	眠 宀
miau1	喵
miau2	繆
mie1	乜 揻 羋
mie2	滅 襪 蠛 覕
mih4	麼 乜 物 味 仔
mih8	物 麼 泉 沕 乜 落 文 分 噍 捵
min3	賭
min5	明 民 苠
ming2	命
ming5	名 明 㨠 螟
mng1	麼 濛
mng2	晚 鉤
mng3	問
mng5	門 毛 尨 濛 文 蒙 叩 掩 役
mng7	問 幾 濛
mngh4	物
mngh8	物 落 文 分 麼 噍 捵
mo1	麼 嚜 謎 嘛
mong2	檬
moo1	毛 摸 氨
moo2	摩
moo3	灑
moo5	毛 模 摩 魔 磨 蘑 氂 麻 螃 無 麼 嗎 啡 牦 酕 饃
moo7	冒 茂 摩 磨
mooh4	瘼 膜 㧇 吽
mooh8	膜
mor1	摸 摩 文 磨 末 沫 嚜
mor2	磨 沫 沒 末 抹 脈 貉 耱 達 莫 嚜 莉 靺 饃
mor5	磨 摩 膜 南 模 饃 魔 摸 挱 蘑
mu1	目
mu2	木 目 苜 墓 慕 穆 鶩
mu5	模 毪
mua1	幔 𧜞 麻 蒙
mua2	滿 意 文
mua5	麻 鰻 瞞 痲 庀 袴 蔴
mua7	𧜞 蔓 幔
muai2	每 叕
muai5	糜 梅 玫 媒 黴 瑰 煤 霉 麋 枚
muai7	妹 全 昧 魅
muaih8	拱
mue2	每
mue5	糜 媒 淖 玫 黴 麋 𩆸
mue7	妹
mui2	每 袿
mui5	梅 媒 玫 煤 門 囮 糜 瑰 呆 枚
mui7	妹 昧 問 魅
na1	南 乾 那 仔 㬮 喀
na2	若 那 哪 愈 娜 仔 欖 拿 吶 捺 爁 拏 鎿 𨚗 橄 內 挐 訥 衲 挪
na3	爁 若 台 那 電
na5	嚨 林 籃 藍 南 巖 拿 蘿 蔔 磟 岩 碌 拏 碞 鐃 桲 挐 芥
na7	若 但 爁 那 喏 文 而 林 台 任 舐
nah4	凹 爁 塌 納 若 䟜 訥
nah8	凹
nai1	奶 司 乳 嬌 㖠
nai2	奶 乃 奈 嬭 褦 氖 響 柰
nai5	蓮 尼
nai7	耐 奈 荔 賴 褦 柰 佴 萘 錼 鼐 籟 癩 瀨 睞 賚 藾
naih4	凹 納 塌
nan1	囡 音 囝
nan2	難 囡
nan5	難 喃 南 㬮 蝻
nang1	囔
nang2	齉
nang5	囊
nau1	撓 鬧
nau2	腦 惱 撓 鬧 臑 弄 扭 瑙 懊
nau5	撓 呶 譊 鐃 憹 橈 蟯 怓 㨻
nau7	鬧 撓 臑
ne1	爾 乳 捏 奶 呢 絡 拈 尔
ne2	爾 奶 嬭 尼 𡁠
ne3	企 躡
ne5	泥 拎
ne7	呢 爾
neh4	呢 咧 凹 𡁠 喔 勒 懾 躡 涅
neh8	捏 靂 呢 㧫
ng1	央 秧 掩 搵 擁 哼 呣 縈 蹠 嗯 𠮾 㕶 揜
ng2	䘼 影 箢 阮 嗯 鞅 蔭 裯
ng3	向 瞈 映 唔 嗯 怏 希 䘼 嚮
ng5	黃 嗯 縈 連 王 水 彎 語 圓 埔 㕶
ng7	暈 瞈
nga2	雅 疋
nga5	巖 岩
nga7	訝
ngai2	研 訝 誒 誤 騃
ngai7	礙 艾 乂 籟 哎 刈
ngau2	齩 咬 偶 廈
ngau3	居
ngau5	餚 熬 肴 殽 爻 淆 嗷 崤 𠴳
ngau7	藕 樂
ngauh4	齩 耦 啃
ngauh8	耦
nge1	咋
nge2	夾 雅 莢
nge3	鼉
nge7	硬
ngeh4	夾 莢 鋏
ngeh8	夾 挾
ngh4	嗯 唔
ngh8	𠮾 嗯 哼 唵
ngi7	硬
ngia5	迎
ngia7	愕
ngiah8	愕 語
ngiau1	撓 蟯
ngiau2	撓
ngiau3	撓
ngiau7	撓
ngiauh4	撠 蟯 𠲺 撓 戟
ngiauh8	𧋏 趿 撓 蟯 狺 𫊩
ngih4	囈
ngiu2	扭 揉
ngiuh4	溜
ngiuh8	鵮
ngoo1	嶅
ngoo2	五 午 伍 偶 我 忤 迕 仵 藕 啎 文 皮 市 耦
ngoo5	吳 訛 蜈 鼉 唔 蛾 哦 莪 俄 鼇 捂 浯 鵝 峨 梧 囮 熬 螯 娥 嗷 鋨 謷 驁 遨 鋙 敖 吾 齬 翱 吪 硪 廒 獒 聱 郚 鼯 牾
ngoo7	誤 傲 臥 捂 悟 五 敖 謷 驁 迕 啎 牾 餓 忤 拶 鏊 奡 晤 寤
ngue1	鵮
ngueh4	夾 莢
ngueh8	夾
ngui7	磑
ni1	爾 乳 奶 拈 呢 蛉 年 捏 勒 斯 裏 嬭 哖 尔
ni2	染 爾 耳 泥 逆 匿 女 你 洱 尼 睨 惄 嶷 尔 邇 𥍉 堄 呢 履 旎 禰 衵 昵 氨 珥
ni3	企 躡 𥍉 女
ni5	年 泥 尼 簷 怩 呢 連 簾 拎 妮 哖 前 蓮 倪 坭 鈮 檐 期 紀 全 鐮 霓 婗 旎 帘 霤 櫺 柅
ni7	莉 爾 泥
nia1	梓
nia2	領 嶺 肷
nia3	矃 睖
nia5	娘 耳 已 爾 年 孃
nia7	爾 耳 已 而 稜 岭 嶺 但 矃 尔 崚 陵
nian1	拈 蔫 黏 年
nian2	念 唸 鯰 廾
nian5	黏 粘 年 鯰 音 拈
niang1	梁 娘
niang2	釀
niang5	娘 釀
niau1	貓 老 鳥
niau2	鳥 老 尿 溺 爪 嫋 蔦 嬝 沼
niau3	縐 抓 䩆 撓 爪
niau5	娜
niau7	尿
niauh4	縐 䩆
nie1	捏 捻 苶
nie2	臲 齧 囁 音 孽 嚙 櫱 顳 帇
nie5	苶
nih4	𥍉 躡 裏 呢 瞬 裡 而 蜢 揑
nih8	捏 㧫 勒 呢 𥍉 握 籋
nin3	裏
nin5	恁 您 人
ning2	寧 擰 佞 濘 甯
ning5	寧 擰 音 凝 檸
nionn1	糧
nioo2	兩 迹
nioo5	娘 糧 量 梁 樑
nioo7	讓 量 廈
niu1	妞 朒
niu2	兩 扭 拗 紐 鈕 忸 妞
niu5	娘 糧 量 梁 涼 樑 蠶 孃 濼 良
niu7	讓 量 白
nng1	掄 攮 𢲲 穿 弄 脬 圇
nng2	軟 嫩 輭
nng3	軁 趡 淪 𥦌 鑽 輭 蠕 趭 𨓡
nng5	榔 郎 䯖 崙 瓤 全 膿 圇 兩 歸 團
nng7	兩 卵 二 浪 釀 蛋
no1	呢 哪 吶
no2	哪 吶
no5	哪
noo1	喏 哪 呢 諾 那
noo2	努 老 魯 娜 𨚗
noo3	喏 哪 咾
noo5	奴 猱 儺 峱 駑 挪
noo7	怒 兩 懦 那 二 喏 糯 哪 娜 耨
nooh4	喏 哪
nu2	怒 恕
nu5	奴 帑 孥
nua1	著 着
nua2	撋 攤 揉 怎 挼
nua3	睏
nua5	攔 欄
nua7	爛 瀾 懶 涎 妹 僆 淖 賴 褯 讀 惰 娜
nui2	軟
nui7	卵 荔
nun2	嫩
o1	呵 窩 阿 蝸 凹 鏖 萵 嗬 渦 疴 屙 荷 痾 猗 槔 窪 婀 媧 喔 謳 爊 漥 撾 倭 踒 啊 苛 鍋 坩 蒿
o2	惡 啞 襖 遏 餓 婀 鶚 音 額 呃 猗 鰐 噩 顎 閼 𣦵 砈 鍔 媼 唈 倭
o3	奧 澳 荷 欸 嗬 薁 懊 嶴 隩 啊 燠 侉 墺 涴
o5	蠔 呵 哦 鵝 囮 文 喔 荷 峨 蚵 硪 蚝 㘥
o7	呵 父
oh4	難 惡 嗬 學
oh8	學 難 喔
ok4	惡 屋 喔 啞 握 沃 噁 堊 鋈 壁 邪 渥 齷 矱 蚇 噢
ok8	嘔 𩟓 籰
om1	掩
om7	蓊
ong1	翁 汪 嗡 蓊 䩺 螉 骯 尪 滃 䱵 鶲
ong2	往 枉 滃 蓊 復 塕 盎
ong3	甕 齆 盎 塕 瓮
ong5	王 𦬬
ong7	旺 用 王 鳳 蓊
onn1	噁 捂
onn3	惡 噁 䛩 喑 應 喔 啞
oo1	烏 喔 黑 於 嗚 嗬 漚 窩 槔 呱 鷗 阿 惡 區 汙 鎢 啊 呵 歐 謳 洿 㗅 慪 鄔 甌 胡 泡 龜 毋 污 哦 瞘 黔 咽 窨 槹 圬 塢
oo2	挖 摀 嘔 毆 摳 埡 歐 漚 謳 嫗 捂 控 噁 敺 塢 䜑
oo3	惡 喔 嗬 噁 哦 漚 劇 芋 䛩 吽 塢 踠
oo5	湖 壺 喔 胡 哦 蝴 㗅 和 嗬 澎 茈 醐 衚 湔 紈 盂
oo7	芋 烏 顱 哦 蕷
ooh4	喔 嗬 哦
ooh8	歍 喔 嗀
or1	喔 呵 嚄 咦 噢 踒
or2	喔 嘔 嚄
or5	㗅 哦 喔
pa1	巴 笆 爸 吧 扒 疤 𢻷 芭 叭 羓 鈀 粑 䰾 葩 八 𢼌 㞎 岜 豝 䶕 啵 癶 苞 咬
pa2	飽 把 耙 罷 垻 𢼌 音 㞎 度 霸 爸 䶕 䎱 盈
pa3	霸 壩 豹 爸 把 靶 垻 灞 伯 巴 𢼌 文 䶕
pa5	爬 杷 筢 扒 耙 拔 爸 趴 掱 琶 八 鈸 鼥
pa7	罷 耙 𢼌 爸 䎱 鴟
pah4	百 爸 叭 巴 扑 佰 埤 噴
pah8	荅
pai1	掰 㧳 擺 㗑 班 擘
pai2	擺 跛 捭 𨇑 稗 讀 裂 拜 敗 䆀 典
pai3	拜 扒 湃 神 擺 派 跛 敗
pai5	排 牌 白 簰 俳 徘 棑 椑 裴 捭 𤶃 眉 篺 坊
pai7	敗 憊 稗 韛 排 粺
painn2	擺 反 跛
pak4	腹 北 剝 幅 駁 駮 鉳 福 柵 帶 縛 瀑 呰 混
pak8	縛 目 別 蔔 捆 蘿 腹 豚
pan1	班 扳 斑 般 頒 搬 貧 攀 便 癍 瘢 攽 音 𤶃 鐓
pan2	板 版 拌 扳 辦 半 反 爿 坂 阪 舨 鈑 魬 闆 蝂 扮 伴 瓣 墺
pan3	扮
pan5	瓶 便 貧 爿 𦉎 不 國 盤 嶴
pan7	辦 扮 範 瓣 辨 范 笵 般 惰 怠
pang1	幫 枋 崩 方 梆 邦 傍 綁 封 浜 膀 祊 嗙 㕭
pang2	綁 棒 放 磅 傍 榜 蚌 稖 旁 讀 徬 甏 蚊
pang3	放 膀
pang5	房 縫 逢 馮 坊 龐 逄 硼 絳 壁 產 胮 厖 繓
pang7	棒 蚌 方 稖 茉 泵 唪
pat4	識 八 別 扒 曾 捌 叭 人 鼉
pat8	別 拔
pau1	包 炮 胞 苞 褒 鮑 孢 煲 泡 枹 鞄 凹 袍 桴
pau2	鉋 爆 炮 飽 暴 煲 菢 趵 鮑 瀑 抱 豹 刨
pau3	豹
pau5	匏 炮 鮑 跑 庖 雹 泡 袍 包 齙 鞄 刨 苘 咆 薄 箔 鉋
pau7	暴 𢼌 刨 菢 鉋
pauh4	暴 齙 發
pe1	飛 菠 𢻷 扒 貝 桮 漳 耙 白 蓖 篦
pe2	把 靶 漳 馬 八 文 㧳 尾 㞎 趴 捭 黍
pe3	幣 弊 蔽 褙 背 敝 閉 斃 貝 垻 狴 陛 蓖 𣍐 壩 箅 瞥
pe5	爬 耙 賠 杷 扒 筢 琶 鈀 平 菠 掱 文 䎱 椑 鼙
pe7	爸 父 耙 背 𣍐 倍 焙 鈀 薜 幣 瑁 地 䎱 悖 佩 狴 陛 梐 筢 斃 負 𠢪 憊 鐾 飛 敝 弊
pee3	拄
pee5	櫭
peeh4	憑 併
peh4	八 扒 趴 伯 百 擘 柏 擗 剝 白 迫 𬦰 叭 憋 檗 𧻙 捌 要 癶 掰
peh8	白 帛 拔 帕 素 泉 漂 皤 𤶃 翎
penn1	繃 拼 平
penn3	柄 病
penn5	平 棚 坪 鐋 睫 瞬 耰
penn7	病 文 想 淋
pennh8	白
pha1	拋 葩 脬 啪 拍 趴 扑 泡 扒
pha2	怕
pha3	帕 𤇢 怕 泡
pha5	扒 爬 杷 鈀 啪 泡 掱
pha7	泡 疱 皰 疤
phah4	扑 拍 撲 打 搏 啪 博 鑱 船 給 噴 杖
phah8	扑
phai1	拍 啪
phai2	歹 否 惡 呆 氣 壞 圮 象 難 族 沛 雄 𣩤
phai3	派 沛 霈 湃 旆 肺 蒎 鎃 淠
phai5	排 牌 簰
phai7	佩 旆
phainn1	歹
phainn2	歹 惡 否 呆 壞 圮 難 人 象 氣 族 雄 ①
phainn3	佩
phainn7	佩 背 負
phak4	伏 覆 朴 仆 趴 鞄 曝 撲 扑 樸 曬
phak8	曝 伏 暴
phan1	攀 扳 拚 番
phan2	拚 襻 音 鋬 畔
phan3	襻 盼 判 拚 筍 芛 闆
phan5	弁 蹣 蟠 盤 爿 胖
phan7	文
phang1	芳 蜂 香 乓 豐 胮 磅 膀 讀 噴 蕡 肨 滂 耪 踫 峰
phang2	紡 胖 績 肨
phang3	胖 放 肨 去 不 扑 栳
phang5	篷 捧 帆 蓬 傍 旁 房 膀 徬 彷 舵 龐 厖 螃
phang7	縫
phann2	冇
phann3	冇 泛 怕 氾
phann7	啪 喘
phat4	汃 仆
phau1	拋 脬 泡 音 摽 沸
phau2	跑 炮 泡 砲
phau3	砲 炮 泡 袍 疱 抱 𦠖 皰
phau5	刨 袍 炮 庖 苘 鉋 跑 泡 麃 咆 瓟
phau7	抱 泡 𢼌 音 雹 菢 鉋 皰 疱
phauh4	博 鞄 泡
phauh8	雹 疱
phe1	批 坯 胚 坏 皮 被 醅 纂
phe2	頰 䫌 䩃 睥 帕 廈
phe3	配 帕 沛 䫌 𥯟 霈 𣏕 睥 媲 帔 淠
phe5	皮
phe7	被 佩 䫌 績
pheh8	沫 橰 文
phenn1	偏 平 摒
phenn5	平 澎 彭 棚
phenn7	噼 喘
phi1	披 批 紕 坏 邳 陂 劈 胚 帔 砒 啡 坡 坯 丕 狉 鈹 苤 呸 箅 駓
phi2	鄙 疕 𥺖 痞 僻 否 庀 圮 屁 音 捭 埤 鵯 寸 濞 睥 媲 擗 仳 苉 嚭 甓 闢 臉 疪 厴
phi3	譬 睥 辟 俾 屁 媲 噼 鄙 詖 嬖 帔 淠
phi5	皮 疲 脾 罷 詖 陂 枇 埤 邳 鈹 羆 氣 椑 蜱 裨 佊 啤 郫 琵 膍
phi7	被 譬 濞 鼻 脾 否 披 骳 帔 砒 釵 圮
phia1	胼
phia2	䉔
phiah4	避 癖 僻 辟
phiah8	癖 甓 僻
phiak4	爆 㩧 擗
phiak8	爆 澼 擗 啪 拍 霹 堛 𢶉
phian1	偏 篇 片 扁 翩 犏 編 蹁 諞
phian2	片 翸 㓲 騙 徧 捋 ②
phian3	騙 片 遍 徧 諞 䏒 㨻
phian5	蹁 偏 胼 便 緶 駢
phian7	拚
phiang1	乓 乒
phiang3	砰 肨
phiang5	砰 苹
phiang7	棒 厖
phiann1	骿 胼 捠 𩩍 拚 筊 瓦
phiann2	鉼 片 枋 丙 䏒
phiann3	拚
phiann5	坪 堋 平
phiat4	撇 嫳 瞥 憋 蹩 汃 氕
phiat8	𦒐 撇 嫳 拍 啪 襒
phiau1	飄 標 漂 縹 剽 泊 杓 瞟 票 猋 鰾 彯 脬 螵 拋 熛 麃 儦 臕 鏢 飆 驃 鑣 嫖 殍 莩 鏖
phiau2	漂 剽 票 驃 瞟 縹 醥
phiau3	票 驃 漂 剽 薸 髟 瞟 縹
phiau5	薸 嫖 剽 瓢 朴
phiau7	殍 莩
phie1	撇
phih4	躄 噼
phih8	噼 嗶 熚 劈 翍 披 礔 躄 霹
phik4	魄 拍 璧 泊 迫 辟 碧 壁 闢 濼 霹 僻 劈 珀 擗 鷿 擘 檗 薜 啪 癖 柏 躄 鵯 避 鐾 襞 澼
phik8	甓
phin1	拼 乒 砰 拚 繽 姘
phin2	品 𥰔 牝 聘 行 按 舶
phin3	牝
phin5	淜 蘋 乒 硼 蹁 憑 蝙 瀕 頻 嬪 顰 苹
phin7	牝
phing1	烹 繃 拼 乒 俜 砰 崩 硼 娉 怦 抨 姘 浜 淜
phing2	聘
phing3	聘 騁 拼 碰 掽 娉 拚 甏 姘
phing5	評 苹 平 蘋 硼 澎 秤 萍 鵬 朋 帡 屏 枰 坪 膨 彭 瓶 憑 音 旁 棚 凭 堋 淜 嘭 蟛 庄
phing7	並 凭 憑 併 并 抶
phinn1	篇 偏 摒 徧 抨
phinn2	片
phinn3	片 癖 𠯯
phinn5	平 彭 澎 抨
phinn7	鼻 濞 嚊 脾 砒 癖 廉 氣 塞 片 樑 凹
phio3	票 漂 綁 剽
phio5	薸 瓢 萍 䁪
phioh4	指 搾
phit4	匹 疋
phiu1	枷
phiu5	吥 咻
phng1	錛 鐇 忿 噴 滂
phng2	噴
phng5	砰
phngh4	忿 噴 碰 嗙 𠵔
pho1	波 坡 皤 頗 鉕 陂 浪 番 鏺
pho2	頗 跛 叵 笸 沫
pho3	破 剖 𦠖 冇 蔀 頗 抱
pho5	葡 鄱
pho7	抱 部 蔀 被 菢
phoh4	粕 朴 樸 冇
phoh8	朴 泡 樸
phok4	博 樸 泡 朴 噗 烞 凸 撲 蹼 剝 搏 鞄 醭 璞 扑 膊 鎛 髆 粕 仆 僕 簙 文 篩 濼 爆 襮 瀑 釙 濮 鏷 𦢊
phok8	噗 博 瀑 暴 撲 蹼 曝 剝 烞 拍 欂 爆 啪 泡
phong1	磅 乓 胮 滂
phong2	捧 髈 乓 凸 榜 蓬 胖 胮 耪 搿
phong3	凸 膨 碰 胖 肨 𦜍 唪 嗙 嘭 掽 磅 椪 謗 漲
phong5	蓬 泙 砰 蘋 膨 埄 逢 篷 旁 磅 菶 滂 淜 澎 帆
phong7	蓬 蘋 膨 嘭 碰 怦 逢 飛 滂 踫 埲 或 砰 膀 澎 掽 苹
phoo1	鋪 舖 膚 掊 敷 埔 麩 裒 菩
phoo2	普 譜 剖 掊 埔 頗 吥 圃 棓 徧 瓿 浦 溥 鐠 鞄 抔 氆 培
phoo3	破 鋪 舖 𦠖
phoo5	扶 葡 菩 蒲 鯰 埔 挺 脯 莆 蒱 蚨
phoo7	簿 菩 蔀 蒲 鞈
phor1	波 濼 陂 泊 朴 鏺
phor2	破 魄 迫 鞄 朴
phor5	鄱 繁
phu1	音 撲 僕 攵
phu2	殕 醭 普 𣯽 暴 堡 氆 鋪 瀑 蜅
phu3	噗
phu5	浮 葡 芙 噗 蒲 脯 蹼 烰 朴 樸 脬 哹 苻 莆 菩 幞
phu7	浮 哹 哱 噗 浡 噴 脬
phua3	破 剖 扒 劙 被 發 派 撇 潑
phua5	䰾 磨
phua7	破
phuah4	潑 發
phuah8	拔 佩 鞝
phuan1	番 藩 潘 拌 墦
phuan3	判 泮 胖 袢
phuan5	盤 般 蟠 胖 槃 弁 繁 磐 蹣 拌 盆 鄱 踞 磻
phuan7	伴 鋬 叛 畔
phuann1	潘 藩
phuann2	販
phuann3	判 販 破
phuann5	盤
phuann7	伴
phuat4	潑 癶 蹳 撥 撇 叭 鏺
phue1	批 坯 胚 坏 拚 醅 㓟 㓲
phue2	頰 䫌 䩃 髀 屁 配
phue3	配 𣏕 佩 紕 䫌 𥯟 妃 䩃 沛 瓦 茷
phue5	皮
phue7	被 稗 會 配 績 菩
phueh4	沫
phueh8	沫 垡 漳 角 橰
phuh4	噴 哱 噗 啵 普 泡 吹 咈
phuh8	浡 薄 噗 哹 撲
phui2	呸 唾
phui3	屁 㵒 唾 呸 㕻 怫 吐 啡 吥 艴
phuinn5	搇 撳
phun1	奔 潘 賁 䊩 錛 𤄜 歕 吩 僨
phun2	翸 奮 畚
phun3	噴 蕡 濆 吩 湓
phun5	盆 湓 文 㖹
phut4	刜 怫 勃 鏺 咈 哱 朏 彿
phut8	咈 𧿳 餑 噗 荸 怫 薺
pi1	悲 卑 啡 碑 埤 陂 螕 蜱 蓖 裨 琲 椑 屄 庳 鵯 紕 俾 觱 笛 邊 冰 逼 鎞 箅 砒
pi2	比 彼 匕 俾 妣 愎 壁 沘 腷 睥 鄙 庳 臂 秕 拂 狴 閉 㓖 裨 篦 觱 髀 𩭓 嗶 斃 跛 併 埤 婢 避 庇 辟 賁 濞 否 敝 並 畀 泌 蔽 愊 潷 璧 襞 媲 佊 毗 庀 仳 鱉 鬚 躃 𠫍
pi3	祕 痺 庇 秘 臂 閉 泌 賁 費 跛 轡 濞 毖 痹 鉍 嬖 篦 淠 霸 卑 詖 畀 芘 皕 箅 篳 媲 啞
pi5	脾 埤 裨 枇 毗 琵 比 蜱 啤 笛 皮 鼻 荸 庳 紕 鎞 蚍 郫 貔 平 棚 沘 媲 鈹 陴 鼙 仳 闍
pi7	被 備 避 婢 比 埤 薜 辟 俾 弊 贔 濞 鼻 幣 鞴 畀 髀 庳 僻 鞁 糒 鐾 陛 駜 骳 篦 劓
pia3	拚
pia7	卵 脬
piah4	壁 炮 崖 璧
piak4	爆 煏 逼 語 迸 擗
piak8	爆 𠸢 噼 逼 白 煏
pian1	編 邊 鞭 扳 砭 攀 便 扁 煸 蝙 鯾 鯿 籩 蹁 變 拼 犏 踟
pian2	諞 貶 匾 扁 褊 變 辮 蝙 稨 釆 徧 辯 騙 砭 萹 碥 緶 便 辨 萟
pian3	變 遍 徧 半 窆 𥦁
pian5	便 駢 褊 胼 楩 桳 跰 緶 蹁
pian7	便 辯 辨 拚 弁 卞 忭 辮 抃 汴 面 辦 編 釆 苄 昪 緶
piang1	梆 砰 冰
piang3	乓 迸 砰 弸 併 唪 𨅘 磅 乒
piang5	砰
piann1	捠 兵 抨 拼
piann2	餅 丙 拚
piann3	拚 摒 拼 併 迸 傾 並 并 睖
piann5	平 盤 抄 鐧
piannh4	壁 𢯩
piat4	別 撇 憋 癟 龞 白 䘷 蹩 差 瞥 嫳
piat8	別 白 癟 瘦 彆 蹩 襒 鱉
piau1	標 摽 驃 表 臕 麃 鏢 勺 杓 髟 猋 飆 鑣
piau2	表 婊 摽 俵 鰾 莩 鈀 裱 殍 沛 錶
piau3	俵 掆
piau5	盛 描
piau7	摽 鰾
pie1	憋 龞 鱉
pie2	彆 別
pie5	別 蹩
pih4	鱉 撇 龞 䘷 逼 鼈 撆 別 僻 弼 憋 鼉
pih8	熚 嗶 畢 腷 龞 笛 𠸢 撇 鱉
pik4	迫 逼 百 伯 柏 煏 佰 壁 泊 濼 擘 腷 班 舶 躄 㓦 辟 愊 愎 璧 襞
pik8	白 帛 舶 愎 擗 踣 鮊 別 漂 鉑 煏 啪 皕 蓖 甓 默 晣
pin1	賓 檳 彬 儐 份 貧 瀕 斌 濱 砰 蠙 繽 汃 邠 豳 榔 扁 糞 擔 浜 攽 鑌
pin2	箄 簈 揙 稟 屏 扁 㬮 牝 摒 編 鬢 箅 篦 儐 臏
pin3	鬢 篦 乒 殯 擯 乓 儐 砰 編 併 凭 賓 臏 髕 櫛 鏂
pin5	貧 屏 憑 蘋 頻 瀕 凭 顰 馮 嬪 音 民 濱 臏 瓶
pin7	嬪 牝 臏 髕 面 貧
ping1	兵 冰 栟 并 繃 崩 帡 祊 𥛱 檳 屏 拼 病 浜 㧍 槟
ping2	反 屏 丙 併 秉 摒 頂 餅 迸 帡 抦 邴 炳 變 病 返 並 并 怲 稟
ping3	併 並 柄 迸 并 拚 枋 鏰 秉 拼 蹦 怲 抦 邴 摒
ping5	平 爿 朋 旁 屏 蘋 便 馮 鬅 秤 明 棚 帡 堋 硼 蟛 枰 拼 憑 友 坪 凭 抨 鵬 瓶
ping7	並 病 併 并
pinn1	邊 鞭 繃 拼 連 臨 畢 平 旁 文 身 拍 編 㧍 崖 辮 䰖
pinn2	扁 鯿 藊
pinn3	變 柄 文 魍
pinn5	平 棚 坪 文 邊 纏 崖 鞭 鐋
pinn7	病 辮 編 文 漳 變 根 想 避 淋
pinnh8	知
pio1	鏢 標 摽 臕 鑣
pio2	表 錶 俵 裱
pio3	裱
pio7	鰾 䱪
pioh4	咬
pior2	拽 娶
pit4	筆 必 畢 伯 嗶 㓖 潷 蓽 觱 篳 蹕 襞 榻 皴 逼 怭 泌 苾 駜 㩺 𤿎 鼈
pit8	鼻 佛 拂 辟 必 怭 弼 擗 闢 嗶 苾 茀 劓
piu1	彪 髟
png1	楓 幫 方 傍
png2	榜 本 搒
png3	飯 琊
png7	飯 飰 傍 字 旁 蒸
pngh8	嗙 獐
po1	玻 褒 菠 飛 嶓 保 煲 般 廈 刀 波 頗 弄 皤
po2	保 寶 堡 廈 煲 葆 褓 鴇 暴 爸 跛 報 呆
po3	報 播 簸 倚 嶓 褙 掖
po5	婆 無 鄱 皤 阪 繁 蘤
po7	暴 部 瀑 薄
poh4	卜 薄 博 駁
poh8	薄 箔 泊 鉑 輕 菲
pok4	卜 暴 駁 爆 北 剝 蹼 博 襆 烞 噗 餺 搏 鎛 鉳 齙 泊 駮 欂 炮 釙 濮 燖 嚗
pok8	薄 僕 泊 蔔 爆 剝 簿 踣 縛 鉑 箔 礡 亳 匐 噗 暴 菔 膊 貝 瀑 曝 醭 幞 蘿 僰 欂 炮 鞄 雹 礴 濮 鏷 牧
pong1	菶 幫 峂
pong2	榜 傍 髈 氆 搒 綁 嗙
pong3	謗 嗙 唪 磅 着 乓 徬 蹦 蒡 肨 怦 𪹚
pong5	旁 房 膀 蓬 彷 傍 滂 雱 螃 磅 徬 鈀 馮 蒡 唐 鬅 坊 搒 棚 髈 鎊 盲
pong7	磅 蓬 傍 皇 碰 鎊 旁 鬅 音 棒 膀 塝 泵 唪 掽 峒 𪹚
poo1	晡 埔 夫 蜅 埠 脯 丈 逋 餔 枯 蜻 痡
poo2	補 保 斧 脯 捕 布 夫 某 裨
poo3	布 播 報 佈 怖 傅 機 部 貝 毋 鈽 磻 阜
poo5	袍 脯 蒲 模 房 苞 蜅 匍 莆 紨 裒 酺 暴 抔 葡 苻 蒱 步 紕 逋 餔 掊 錇 菩 蚨 帑
poo7	步 部 哺 埠 捕 擘 布 餔 瓿 暴 酺 蜓 阜 跈
pooh8	薄
por1	般 啵 波 薄 剝 癶 玻 菠 餑 煲 這
por2	從 簸 擘 北 播 柏 檗 薜 掰 鉳 煲
por5	泊 膊 百 脖 餺 魄 柏 蔔 薄 白 荸 舶 鉑 箔 僰 踣 鋍 襏 鵓 簿 脯 粕 礴 飥 笮
por7	管 部
pu1	哹 埔
pu2	不 布 步 埔 簿 埠 哺 舞 瓿
pu3	富 婦
pu5	匏 垺 炰 炮 不 泡 烰 醭 浮 抔 脬
pu7	婦 孵 菢 哹 浡 脬 孚 𥦸
pua1	搬 揻
pua2	徙 簸
pua3	簸 貝
pua5	盤
pua7	拌 拂
puah4	撥 鉢 缽 跋 鈸 癶 博 盔
puah8	跋 博 鈸 拔 九 簙 撥 稨 卜 㨻
puan1	般 搬 語
puan3	半 絆 拌 靽
puan5	盤 槃 蟠 磐 磻 蹣
puan7	拌 叛 畔 伴 調 鋬
puann1	般 搬
puann2	魬 坂 半 絆 拌
puann3	半 絆 徧 掩 靽 陽 𥦁
puann5	盤 蹣 拌 磐 搬 枰 翻 徙 抄 徑 鏊
puann7	拌 拂 半
puat4	鉢 撥 醱 缽 襏 般 癶 蹳 鱍 砵
puat8	拔 跋 菝 鈸 茇 魃 鼥
pue1	飛 杯 桮 菠 𤖯 棓 筶 不 碑 泉 鎞 胚 盃 箆
pue2	㧳 扒 掰 捭 掊 輩 背
pue3	輩 貝 背 褙 唄 垻 倍 佩 鋇 珮
pue5	陪 培 賠 棓 菠 掊 踣 坏 裴 錇 俳 徘 毰
pue7	背 倍 佩 焙 悖 棓 怫 狽 北 拔 孛 珮 邶 碚 蓓 飛 𣍐 未 培 瑁
pueh4	八 捌 漳 嚴
pueh8	拔 飲 怕 廈 啉
puh4	發 暴 勃 浡 窋 哱 沸 鰾 茁
pui1	拔
pui3	痱 疿 沸 秉
pui5	肥 壅 氨
pui7	吠 拽 蜚
puih8	拔
puinn2	并
puinn7	飯 吆
puinnh4	軂
pun1	分 奔 貧 錛 扁 糞 本 歕 份
pun2	本 畚 苯 墳 分 糞 笨
pun3	糞 畚 扒 氹 掃 坋
pun5	歕 噴 㖹 湓 吹
pun7	笨 坌 桳 倴 𥢊 奔 夯 坋 岔 㤓
put4	不 抔 扒 柫 佛 拂 遒 物 吥 哱 桲 殊 紼
put8	佛 勃 桲 物 荸 鵓 不 渤 怫 鈸 餑 孛 浡 脖 身 鋍 祀 艴
sa1	挱 沙 抄 挲 撒 捎 砂 柵 相 紗 柴 捒 鯊 痧 裟 莎 三 搔 𩡾 蟟
sa2	洒 颯 趿 灑 傻 音 捒 耍 撒 纚
sa3	嗄 唦 圾 曬 廈 沙 咦 厦
sa7	嗄
sah4	煠 煞 捒 渫 喢
sah8	煠 渫 音
sai1	西 司 師 獅 腮 私 塞 思 揌 犀 螄 鰓 房 撒 篩 奶 䤝 崽 毸 㩙
sai2	屎 使 駛 滓 史 賽 礐 拽
sai3	賽 婿 使 壻 塞 殺 儉 曬 鎩
sai5	饞
sai7	似 祀 事 姒 撒 侍 娰 使 婿 仕
sak4	捒 數 速 搠 摔 拺 殺 槊 朔 鷟 矟 蒴 箾
sam1	三 杉 參 摻 衫 舢 毿 穇 𩁺 森 鬖 蔘 䀐 芟 釤 仨
sam2	糝 散 摻 撒 啥 參 𣯶 掖
sam3	散 鬖 毿 𣯶 三 訕 掃 森 臢 𢚗 釤 𢕕 糝
sam5	饞 儳
sam7	𢕕 散
san1	山 星 刪 猻 三 零 𨥉 𦘹 衫 舢 訕 珊 姍 跚 潸 㾪 濼 喪 芟 鏥 仨
san2	產 㾪 散 瘦 三 滻 鏟 分 丳 羼
san3	散 訕 傘 鏾 汕 疝 搧 線 布 鬖 霰 赸 饊
sang1	鬆 雙 喪 樣 松 桑 瀧
sang2	爽 摤 喪 搡 送 樣 礡
sang3	送 葬 摤
sang5	像
sang7	同 送
sann1	相 衫 三 參 字 罵 合 兩 緣 軀 熨 嫳 謄 葛 絳 彊 裯 𥼶 仨
sann2	字 甚 讀 啥 相
sann3	衫
sann5	承 啥 喢
sann7	甚
sannh4	趿 喢 靸
sannh8	喢
sap4	圾 雪 颯 霎 屑 鈒 霅 靸 趿 捒 虱 喢 攕 歃 卅
sap8	霎 屑 煠 霅 唼 卅 閘
sat4	殺 虱 塞 煞 雪 薩 撒 蝨 櫛 捒 鎩 潵 圾 菩 剎 酚 姍 摋
sat8	薩
sau1	颼 誚 沙 𤺊 嘲 梢 搔 嘶 騷 脆 捎 俏 鞘 脩 鬆 稍 蛸 筲 艄 臊 啞 販 繰 廝 繅 㡑 弰 旓 髾 獀
sau2	臊 稍 掃 嗽 潲
sau3	掃 嗽 哨 艄 稍 地 舵 捎 潔 梢 旓 潲
saunnh8	礉
se1	西 紗 梳 沙 蔬 疏 砂 裟 生 旋 疎 泉 魦 方 酥 洒 混 棲 樨 鯊 栖 䰖
se2	洗 黍 所 洒 勢
se3	細 勢 世 稅 說 誓 洒 賽 撒 婿 壻 貰 生 數 跩 媲 赦 逝 杖
se5	垂 文 褯 腄
se7	垂 逝 誓 視 旋 𤺔 筮 諡 拽 噬 澨 尋 𤆬 迣 褯 謚
seh4	雪 說 塞 踅 刷 揳 屑 旋 㩙 漳 文 霎 楔
seh8	踅 旋 雪 褯 說 塞
senn1	生 牲 眾 細 併
senn2	省
senn3	性 姓 生 百 名 細 勢 連 賁 佟
senn7	文
si1	絲 詩 施 西 司 屍 私 思 鷥 蓍 撕 尸 是 書 螄 想 吸 斯 俬 蹊 澌 音 語 希 裼 噝 葹 鳲 相 析 示 夕 膝 蟋 稀 嘶 𥉐 須 晰 翎 熹 唏 廝 栖 胥 臾 欷 晣 穸 鸂 歙 絁 溮 㕧 窸 緇 凘 颸 巂
si2	死 始 豕 細 徙 弛 隙 屎 矢 四 郤 是 文 拚 併 世 夕 繫 屣 怕 磻 愾 鬩 盻 鰓 汐 佌
si3	四 世 勢 示 施 氏 庶 試 弒 是 時 思 斯 𢗗 誓 忕 肆 駟 方 絲 連 死 壁 捎 致 適 至 疋 傅 絮 蝸 翅 薛 啻
si5	時 辭 匙 息 提 隰 鰣 裼 臨 塒 蒔 是 絲 底 惜 熄 媳 鍉 徐 茌 溡 茬 覡
si7	是 示 視 序 氏 寺 侍 豉 嗜 敘 謚 市 畤 適 似 恃 峙 時 鈀 睛 逝 汜 泉 在 速 伺 緒 舐 諡 嗣 褆 誰 耜 噬 蒔 柹 鈰 笥 覗
sia1	賒 奓 畬 聲 蝦 奢 下 瞎
sia2	寫 字 捨 甚 下 舍 啥 嚇 讀 襾 施 罅 暇 婀
sia3	卸 赦 舍 瀉 字 甚 削 厙 讀 啥 捨 鐋
sia5	邪 斜 洽 呷 蛇 鉈 闍 黠 畬 佘 陜 豺 轄 峽 挾 匣 俠
sia7	社 射 謝 麝 石 𣛮 㓔 厙
siah4	削 錫 穡 嗇
siah8	杓 席 石 勺 削 夕
siak4	摔 捒 鑠 皙 䞽 削 爍 拺 𨄮 晢
siak8	碩 矽 捒
siam1	苫 纖 䀐 心 覘 閃 痁 參 蘞 錟 殲 瞻 䀡 韂
siam2	閃 陝 甚 剡 字 㨛 劖 鿃 巉 睒
siam3	滲 沁 掞 苫
siam5	尋 禪 蟾 撏 簷
siam7	贍 掞 剡 字
sian1	先 仙 鮮 身 𦘹 𨥉 生 山 躚 伸 潔 掀 珊 鉎 音 薟 宣 褊 涎 褼 垢 纖 羨 鍁 羶 銹 姍 埏 鏥
sian2	癬 錢 線 洗 鮮 羨 陷 見 縣 餡 限 蜆
sian3	搧 扇 煽 先 線 嬗 騸 設 紕 訕 繕 綫 䤼 霰
sian5	蟬 禪 鹹 單 涎 澶 賢 嬋 唌 音 閑 弦 𡢃 閒 銜 咸 嗛 癇 嬗
sian7	善 𤺪 嬗 羨 禪 蟮 單 倦 撣 繕 墠 腎 墡 鄯 鱔 癉 擅 膳 現 憚 僤 篤 鱣 蟺 羡
siang1	雙 相 香 傷 商 双 湘 鑲 想 蕡 像 泉 鄉 量 殤 緗 襄 觴
siang2	相 想 向 像 上 賞 嚮 項 筒
siang3	相 向 惝 摔
siang5	像 詳 誰 翔 祥 𫝛 庠 常 裳 降 瘍
siang7	像 上 尚 象 共
siann1	聲 文 兄 咯 嚶 㨻
siann2	字 甚 讀 啥 寫 捨
siann3	字 聖 甚 啥 炒
siann5	城 𩛿 成 誠 誘
siann7	盛 𣛮
siap4	澀 塞 攝 𩐅 屧 懾 澁 炸 楔 涉 泄 霎 揳 歙
siap8	涉 攝 拾 葉 揲 𣶏 洩 沁
siat4	設 削 洩 褻 屑 捎 契 紲 薛 體 赤 渫 泄 揳 跬
siat8	舌 折 揲 摺 踅 忕 咋
siau1	消 銷 燒 簫 蕭 削 捎 稍 宵 蛸 梢 硝 瀟 哮 痟 囂 箾 一 音 枵 拍 小 俏 𪁎 栓 鴞 霄 韶 氨 逍
siau2	小 少 痟 𤞚 酵 笑 鞘 讀 帳 校 賬 狂 肖 䝟 嬲 臉
siau3	數 笑 帳 賬 少 色 誚 肖 鞘 想 算 峭 簿 俏 譙 哨 劭
siau5	精 學 淆 韶 音 苕 迢 誚 髫 𦯐 㞞
siau7	紹 㩋 召 捎 劭 卲 邵 潲
sie1	挾 楔 揳 些
sie2	渫 薤 洩 蟹 楔 屑 謝 泄 卸 灺 邂 獬 廨
sie5	鞋 挾 頡 斜 邪 諧 協 擷 鮭 纈
sih4	閃 熄 蟋 熠 顫 晰 絲 息 薛 適 蝕
sih8	蝕 𢗗 嘻
sik4	色 適 識 式 飾 熟 室 息 釋 索 析 稷 塞 瑟 螫 宿 穡 蟋 嗇 襫 粟 昔 栻 悉 拭 惜 膝 液 媳 哳 漱 槭 抶 軾 奭 𥼶 體 文 老 白 藍 錫 席 淺 失 賁 措 碩 蝨 腊 轖 适 薔 蜥 窨 碏 晢 濇 璱 涑 蜴 蕮
sik8	熟 席 夕 碩 石 射 食 色 稙 鼫 植 熱 殖 式 蝕 贖 妬 寔 褯 鍚 晣 穸 炻 湜
sim1	心 芯 森 參 身 新 啿 思 滲 婦 咧 深 悸 京 穎 媳 淰 蔘 砑 沁 䀐 鄩 篸 媕
sim2	審 甚 沈 伈 覃 哂 瀋 諗 讅 字 嶄 嬸 瘮
sim3	㔤 啿 滲 趛 𢭞 甚 吢 沁
sim5	尋 鐔 鱘 蟳 湛 葚 撏 蟫 潯 忱 諶 心 覃 愖 黮 燖 鄩 蕈
sim7	甚 愖 字 啿 滲 蕈
sin1	身 新 申 薪 辛 先 娠 伸 紳 生 心 鋅 信 莘 芯 呻 親 噷 珅 㛛 婦 赤 荏 忻 騂 氠 甡 詵 燊 駪
sin2	信 矧 芯 哂 囟 釁 蕈 圬
sin3	信 訊 迅 汛 囟 性 生 芯
sin5	神 臣 蠅 承 辰 晨 尋 丞 繩 宸 眩 澠 漬 猌
sin7	慎 剩 乘 腎 蜃 順 贐 燼 信 甚 勢 藎 脤
sing1	生 身 先 升 星 牲 聲 猩 笙 昇 甥 勝 惺 旌 陞 僧 腥 鉎 嵩 成 興 軀 𩛿 醒 箵 胜 鼪
sing2	省 興 性 行 醒 㾪 幸 擤 倖 眚 杏
sing3	性 勝 姓 聖 命 蓳 父 政 省 氣 乘 傅 胜 氨
sing5	成 誠 承 乘 行 形 神 盛 城 繩 丞 蠅 𩛿 澠 宬 榺 刑 侗 鋮
sing7	盛 乘 剩 倖 誠 成 勝 恿 嵊 先 殺 幸 阱 賸 慂
sinn1	生 牲 茲 文 斯 眾 鉎 併 養 惺 敊
sinn2	性 閃
sinn3	性 姓 扇 百 生 搧 連 賁 佟
sinn5	豉 鹽 鹼 䜻
sinn7	豉 鹽 敊 浸 䜻 漬 敉
sinnh4	閃
sinnh8	㗭 嘻
sio1	相 燒 稍 熱 小 肖 暖 同 淬 晴 烙 愒 遒 燖
sio2	小 少 稍 可 雙 文 鎖 許 學 嬲 鞈
sio3	鞘 勺
sio5	𦯐 仯 常
sio7	俗 卲 邵 音 肖
sioh4	惜 液 誚 勺 嫪 𫟊
sioh8	澤 俗 𦯐 芍 䭞 削 屬 液 鼉 勺 𫟊
siok4	肅 宿 縮 叔 淑 菽 削 粟 蓿 鑠 夙 鷫 俶 驌 謖 倏 涑 續 俗 束 斣 爍 踧 嗖 僳
siok8	俗 屬 續 斣 熟 贖 蜀 塾 芍 藚 鐲 孰 司 賤 杓 屏 爍 勺 淑 䟉 擉 氨
siong1	相 傷 商 湘 襄 殤 嵩 葙 觴 想 上 箱 湯 鑲 廂 驤 娀 凇 將 舂 賈 淞 緗 墒 勷 菘
siong2	想 賞 上 相 尚 償 悚 鯗 嘗 竦 聳 晌 像 慫 垧 㩳
siong3	相 像 上 尚 注 儐 餉
siong5	常 詳 裳 松 償 祥 翔 嘗 嫦 瘍 淞 𣻸 庠 徜 吉 試 痒 鱨 凇 菘 崧
siong7	上 象 像 尚 訟 誦 相 頌 橡 兒 漳
sionn1	傷 箱 鑲 相 廂 想 香 籠
sionn2	賞 鯗 想
sionn3	相 肖 尚
sionn5	𣻸 承 瘍 庸
sionn7	想 尚 聖
siorh4	削
siorh8	杓
sip4	失 濕 溼 隰 澀 啃 十 習 霎 湒 褶 濇
sip8	習 拾 十 襲 什 褶 石 實 字 蝕 熠 慴 𣶏
sir1	相
sir5	伸
sir7	事 嗯 𠮾
sit4	失 式 息 穡 熄 室 識 蝕 瑟 食 石 實 別 膝 典 蟋 蝨 軾 悉
sit8	實 食 植 習 翨 翼 席 殖 蝕 翅 朴 寔 蕃 兒 息 夕 侗 埴 湜
siu1	收 修 羞 饈 石 受 蓨 咻 徵 脩 搜 溲
siu2	守 首 手 艏 秀 繡 狩
siu3	獸 秀 繡 宿 守 狩 袖 受 首 饈 綉
siu5	泅 仇 酬 囚 讎 售 酋 鮂 銶 軀 監 醜 𣻸 咻 犨
siu7	受 壽 巢 宿 授 岫 綬 讀 氣 妻 售 袖 褎
siuh4	驌 咻
siuh8	驌 咻
siunn1	傷 箱 鑲 相 廂 漳 想 授 籠 葙
siunn2	賞 鯗 想 肖
siunn3	相 肖 尚 充
siunn5	𣻸 庸 常 承 瘍
siunn7	想 尚 聖 上
sng1	酸 霜 桑 痠 栓 閂 喪 孫 孀 傷 拴 氨
sng2	損 耍 爽 傸 榫 繏 算
sng3	算 繏 蒜 數 損 徑
sng5	床 甑 旋 牀 籠
sng7	算
sngh4	嗅 吮 䶋 歙
sngh8	吮 蹭
so1	挱 搔 梭 唆 搜 搓 騷 挲 嗦 臊 莎 艘 瘙 娑 抄 蓑 縒 繅 睃 桫 索 擦 肖 蒐 繰 螋 鎪 餿
so2	鎖 嫂 色 瑣 圾 塞 叟 瘦 繰 澁 哨 嗩
so3	燥 掃 躁 埽 噪 䐝 扒 脞 氹 焦 氣 譟
so5	趖 脞 踆 𫐩 𢔳 𩡾 逡
so7	唆 搔 嗦 嗾
soh4	索 束 嗍 說 繩 噌 笮
soh8	旋 踅 索 鐲 鋉
sok4	束 速 數 縮 朔 槊 肅 索 宿 觫 塑 簌 箾 嗽 矟 蒴 蔌 餗 汆 謖 搠 涑 溯
sok8	槊 菾
som1	參 森 蔘
som7	𢕕 坔 搡
song1	喪 鬆 霜 桑 瀧 孀 鸘 參 雙 礵 鷞 驦 松
song2	爽 顙 搡 嗓 磉 悚 慫 蹌 鷞 驦 鸘 竦 㩳
song3	宋 喪 送 俕 散
song5	倯 庸 松 俕 傖
song7	搡
soo1	酥 疏 蘇 蔬 搜 蒐 沙 舒 艘 廋 螋 梳 颼 搔 疎 穌 筲 溲 鎪 甦 束 挱 繰 繅 獀 嗖 餿 𤼀
soo2	所 擻 藪 數 叟 嗾 瞍 瘦 沙 訴 蘇 廋 嫂 籔 素 鎖 埤 速 遒 繓 嗖
soo3	數 素 訴 塑 疏 嗽 溯 漱 愬 朴 愫 嗉 塐 幾 算 嗾
su1	書 輸 私 思 需 師 軀 斯 司 舒 伺 須 酥 事 樞 廝 嘶 緦 罳 文 篩 獅 蘇 鬚 螄 囌 鷥 胥 湑 灑 溮 姝 紓 虒 偲 颸 釃 笥 相 想 身 序 腮 疋 鷈 鼉 頹 傅 荼 噝 俬 鰓 撕 臾 繻 糈 諝 藇 銖 蒒 毹 凘 澌 覗
su2	使 史 暑 死 署 駛 訴 黍 墅 麈 素 簌 粟 嘶 曙 思 屎 鼠 疋 蓿 嗦 豕 驌 謖 湑 糈 諝 嗉 窣 癙 鷫 佌 溯
su3	思 四 賜 庶 使 絮 肆 泗 麈 恕 颸 駟 覗 次 方 似 㖅 恣 戍 呬 素 吸 伺 舒 疋 鼉 囌 噓 腧 澍 䉀 繓
su5	詞 辭 殊 嗣 蜍 祠 俗 徐 鉏 殳 薯 囌 漦 余 銖 茌
su7	事 士 序 思 緒 祀 似 嶼 敘 伺 仕 樹 殊 食 嗣 曙 豎 署 耜 兕 俟 姒 飼 巳 墅 芧 侍 漵 抒 汜 涘 笥 四 司 情 沛 師 閃 吮 藇 鱮 戍 裋 澍 覗 嵩
sua1	沙 砂 痧 鯊 𩡾 施 煞 徙 拖 山 刷 紗
sua2	徙 漱 耍 散 文 勢 續
sua3	續 世 勢 線 散 煞 音 撒 纚 遂
sua7	逝 速
suah4	煞 撒 刷 息 殺
suainn5	檨
suainn7	檨
suan1	宣 旋 酸 栓 珊 訕 暄 閂 狻 喧 萱 諼 痠 咺 朘 揎 瑄 讀 布 斡 吊 渲 拴 晅 烜
suan2	選 拶 算 蒜 揀 撰 涮
suan3	蒜 算 繏 渲 選 撰 涮
suan5	旋 漩 鏇 璇 璿 船 琁 㧦 遄 篅
suan7	璇 訕 羨 鑽 漩 鏇 旋 檨 𥖄 踹 渲 琁
suann1	山 文 坪 樂 崖 屯 狻
suann2	散 產 線
suann3	線 散 傘 腺 汕 文 續 叩 涼 䤼 霰
suat4	說 刷 雪 鱈 踅 蜇 煞 率 涮 拶
suat8	踅
sue1	衰 梳 蔬 疏 酥 洗 蓑 縗
sue2	洗 黍
sue3	細 稅 說 歲 帥 帨 率 穢 杖 甩 繐
sue5	垂
sue7	垂 涶
sueh4	說 塞 會 刷 楔
suh4	吸 嗍 速 士 斯 欶 嗽 台
suh8	吸 仔
sui1	雖 衰 綏 荽 蓑 𩮴 𦉎 嘴 縗 朘 挼 眭 睢 水 尿 穗 萎 緧 莞 遒 芫 鏙 蕤 簑
sui2	水 美 髓 鬌 媠 蛙 嫷
sui3	粹 碎 誶 睡 睟 祟 帥 邃
sui5	隨 垂 誰 葚 隋 陲 箠 錘 是 棰 𩮴 遂 圌
sui7	穗 𤻄 瑞 遂 睡 燧 祟 隧 垂 術 半 隨 莆 戍 繐 邃 襚
suinn1	酸
suinn2	水 損
sun1	孫 猻 飧 蓀 恂 珣 荀 搎
sun2	損 榫 筍 恂 笋 簨 戰 芛 隼 盾 孫 吮 噀 栒
sun3	遜 舜 順 巽 瞬 噀 孫 濬 蕣
sun5	純 巡 馴 循 旬 紋 醇 詢 紃 徇 郇 淳 鶉 孫 唇 峋 洵 栒 蓴 錞 脣 順 倖 惇 殉 恂 珣 荀
sun7	順 殉 船 循 徇 文 楯 吮 舜 𦧊
sut4	屑 摔 率 蟀 捽 戌 術 恤 卹 窣 瞬 糏 㗭 㖅 帥 音 朮 訹 睟 囌 甩
sut8	術 述 㖅 訹 朮 秫 囌 沭 鉥 㗭 遹
ta1	乾 焦 礁 丈 枯 凋 潐 奈 大 奓 搭 嗒 噠 噍 碉 瘩 都 獨 姑 堅 讀 挓 啁 今 達 夫 答 耷 褡 鎝 咑 腊 亁 赸
ta2	大 底 那 打 落 哪 何 丈 咑 𨚗 䃎
ta3	罩 帳 奓 吒 托 鬦 咤
ta5	焦 奈 疊 沓 怛 朷 墶 瘩 達 搭 𣸉 搽 乾 茶 鎝 韃 劄 垞
ta7	大 奈 丈 力 咑
tah4	搭 答 貼 打 嗒 褡 讀 瘩 鎝 撘 跡 值 粘 塔 咑 疸
tah8	踏 值 蹅 搭 沓 蠢 繨 䟜 蹋
tai1	呆 獃 懛 待 大 呔 儓 𠯪
tai2	滓 歹 待 帶 傣 襶 大 代 袋 逮 滯 瑇 䒫 紿 駘 盞 㖠
tai3	戴 帶 事 載 襶 遞 蒂 代 褦 貸 蹛 螮
tai5	台 臺 埋 坮 𧉟 檯 炱 薹 苔 駘 來 擂 柵 儓 讀 刣 灣 奈 朴 詒 鼉 跆 鮐 擡 抬
tai7	載 事 大 代 第 待 戴 逮 怠 貸 在 舵 玳 𦨮 黛 治 奈 岱 殆 靆 但 袋 甙 迨 埭 紿 駘 乜 情 汰 瑇 謄 汏 䒫 侗 𩻸 鮘
taih8	耙 䎱
tainn2	歹 宰 短 纏 剁 咍 刐
tainn3	店
tainn7	大
tainnh8	耙
tak4	觸 啄 琢 斲 篤 𢬳 焯 厾 獨 椓 桌 剟 卓 倬 諑
tak8	逐 碡 獨 蔔 濁 毒 擢 答 碌 濯
tam1	擔 耽 嘗 酖 眈 躭 聃 湛 儋 啖 誔 噉 坍 担
tam2	膽 返 打 胆 點 抌 啖 噉 萏 窞 餤 禫 䪴 黮 葚 䒞
tam3	站 䪴 淡 擔 頓 石 店 頕 檐
tam5	談 㴷 澹 淡 譚 蕁 淫 餤 郯 炎 覃 倓 惔 錟 壜
tam7	淡 澹 湛 啖 氮 萏 賧 禫 站 噉 窞 餤 倓
tan1	單 釘 丹 擔 簞 噸 癉 鄲 石 殫 仃 等 焦 音 躭 聃 酖 匰
tan2	等 蛋 擔 彈 石 澹 㔊 癉 疸 殫 啗
tan3	掞 但 旦 釘 誕 盯 蛋 癉 䋎 擲 鉭 𠢪 憚 揕 怛 笪 疸 朾
tan5	彈 鳴 檀 𦗀 陳 亭 撣 壇 南 近 瞋
tan7	但 彈 撣 憚 誕 蛋 蜑 事 䋎 撢 疍 僤 𩻸
tang1	東 冬 當 噹 鐺 咚 中 襠 璫 檔 𤷆 晚 棠 簹 鼕 苳
tang2	當 董 懂 檔 黨 菪 滓 擋 膽 凼
tang3	凍 當 㨂 棟 通 𧡍 文 倲 腖
tang5	同 銅 筒 童 桐 𩪘 筩 茼 衕 學 宣 𤭁 棠 僮 姒
tang7	重 動 筩 文 洞 方 震 稱 𤭁 振
tann1	擔 今 旦 担 當 丁 乾 儋
tann2	打 膽 哳 咑 疸 呾
tann3	擔 呾 談 石 但 訂 疸 檐
tann5	譚 重 誕 呾
tann7	誔 耽 淡 掞 錯 但 哳 咑 誕
tap4	答 嗒 搭 鎝 瘩 耷 褡 溚 劄 八 觸 塔 傝
tap8	踏 沓 嗒 答 值 遝 溚 觸 蹋
tat4	笪 妲 噠 哳 怛 笛 達 值 塞 靼 韃 撻 疸
tat8	值 達 笛 笪 文 繨 沛 噠 𣸉 鐽 㒓 叻
tau1	兜 叨 嘲 㨮 刀 逗 蔸 篼 啁 倒 脰 窬
tau2	斗 倒 道 肚 鬦 蹈 枓 到 鬥 搗 燾 都 稻 堵 啄 杓 鬪 捯 擣 軇
tau3	鬦 鬥 到 鬪 晝 罩 跳 午 踔 文 𩰚 豆
tau5	投 骰 叨 脰 嘲 佻 潮 刀 跳 搗 䄻
tau7	豆 脰 讀 逗 痘 荳 盜 腐 棹 櫂
tauh4	篤 啄 鬥 㧻 椓 罩
tauh8	沓 瀆 篤 拾
te1	低 䬫 氐 爹 羝 嗲 茶 柢 牴 胝
te2	底 短 貯 抵 柢 邸 坻 垛 塊 帝 桳 迹 鉈 氐 牴 砥 詆 骶 錁 𣥼
te3	塊 帝 地 處 逫 𣑫 逮 渧 綴 滯 締 帶 諦 柢 螮 從 隶 笮 戴 蒂 瞪 碲 垛 氏 對 著 讀 咧 貯 袋 侂 遰 嚏 憹 蹛 潼 䟾 疐 筰
te5	茶 題 蹄 荑 提 綈 鷈 踶 鮷 荼 搽 袋 泡 啼 釵 坊 鍉 鵜 稊 禔 緹 醍 鶗 騠
te7	地 第 袋 弟 代 苧 塊 娣 棣 帶 逮 滯 埭 睇 髢 禘 踶 柵 悌 土 蹄 廈 底 遞 文 獄 朴 澎 杕 締 綈 銻 窨 紵 彘
tee2	底
tee3	底
teh4	壓 在 啄 硩 惙 鎮 仄 搾 嫳 簀 柞 熅
teh8	地 在 窄 咧 壓 隘 要 奪
tenn1	𩨑 靪 擲
tenn3	侂 𩏠 佯 殿 侘 盯 瞪
tenn5	蹄 纏 𩨑
tenn7	擲 鄭 𩨑 敁
tha1	他 它 她 趿 遢 塌 鉈 牠 祂 溻 褟 音 噠
tha2	踏 達 沓 嗒 鰨 拓 遢 蹋 遝 㒓 榻 漯 澾 闒 鞳
tha3	奓 挓 侘 詫 吒 䖳 咤 姹 膪
tha5	塌
tha7	䖳
thah4	塔 那 豈 躂 疊 搭 鰨 讀 沓 獺 即 何 拓 嗒 鎝 踢 搨 㒓
thah8	疊 沓 匒
thai1	篩 胎 颱 苔 𥭘 台 鮐 治 駘 擡 衣 典 檯 紿 邰 炱
thai2	態 癩 體 忕 㘆 呔 豈 可 那 怎 何 儓 乜
thai3	態 太 泰 汰 大 殺 忕 肽 酞 鈦 詒 傣 汏 騃 勿 蠆
thai5	刣 殺 台 臺 夷 邰 治 檯 宰 駘 炱 鮐 擡 薹
thai7	待 態 挺 駘 代 腆
thainn2	咍
thainn3	腆
thainn7	挺 腆
thak4	剔 斥 𢬳 讀 踔 托
thak8	讀 書 鼉
tham1	貪 探 撢 坍 醓 欿
tham2	忐 毯 探 痣 菼 醓
tham3	探 試 撢
tham5	痰 潭 覃 曇 壜 談 撢 燂 蟫 鱏 墰 鐔
tham7	窞 瘻 𨻴 瘺
than1	癱 蟶 攤 灘 天 貪 癉 嘽 倓
than2	坦 毯 袒 侹 挺 疸 妲 癉 探 歎 㔊 怛 靼 綻 鉭 頲 睒 嘆
than3	趁 歎 字 碳 炭 讀 澶
than5	談 蕁 音 彈 覃 檀 撣 壜 鐔 榃 罈
thang1	通 窗 𢈉 窓 湯 桐 蹚 嗵 鏜 當 䠀 可 鞺 道 趟 熥 恫 鐋 𥦁 氨
thang2	桶 燙 統 趟 痛 捅 疼
thang3	通 痛 𥦁 疼 透
thang5	蟲 筒 桐 搪 棠 餳 虫 糖 唐 童 蟯 堂 蜚 踼
thang7	筩 弄 挵 動 撞 笭
thann1	他 它 飾
thann2	挺 坦 托 撐 侹
thann3	挺
thann7	飾 娗 文
thap4	塌 凹 嗒 錔 搨 榻 遢 鰨 塔 拓 蹋 趿 疊 鰈 溻 褟 漯 闒 鞳
thap8	疊 凹 匒
that4	塞 躂 窒 撻 踢 蹋 剔 獺 橽 韃 㒓 澾 闥 讀 達 汰 汏 榻 墶 屧 堙
that8	達 𣸉 踢
thau1	偷 挑 掏 頭 叨 饕 絛 韜 搯 縧
thau2	敨 透 䜴 解 套 鼉
thau3	透 套 到
thau5	頭 桃 咷 道 養 音 逃 投 探 辭 斧 採 陶 嫳 燾 濤 顱 騊 庸 榾 扠 汕 䰖
thau7	毒 頭 候 待
thauh8	沓
the1	推 撐 胎 釵 躺 梯 䈕 養 鷈 𠞄 撑
the2	體 赤 退 醍 体
the3	替 退 褪 涕 屉 踅 剃 傺 托 裼 撐 濞 髢 禘 締 薙 䖳
the5	提 隄 堤 締 啼 鵜 遞 醍 鶗 騠 體 諦 綈 禔 緹 鮷
the7	鮓 䖳 蚱 提 替
theh4	提 裼 挓 澈 宅 褪 徹 拕 捵 輟
theh8	提 挓 宅 㯂 拕 㞂
thenn1	撐 撑
thenn3	撐 撑 挺
thenn5	瞪
thenn7	撐
thi1	黐 魑 笞 擿 癡 踢 郗 螭 剔 天 啼 𥭘 絺 摛 樗
thi2	恥 展 搋 綈 嚏 裼 趯 涕 倜 屜 薙 褫 遞 剔 剃 棣 悌 俶 洟 啻
thi3	剃 嚏 滯 薙 疐
thi5	啼 苔 提 蹄 隄 躇 鵜 稊 泥 荑 綈 醍 鮷 鶗 踟 鯷
thi7	雉
thia1	聽
thia2	胖
thia5	檀
thiah4	拆
thiah8	拆
thiak4	拆 撕
thiam1	添 沾 覘 苫 塊 栝 呫
thiam2	諂 忝 舔 疼 殄 餂 栝
thiam3	忝 菾 掭
thiam5	恬 菾
thiam7	沈 墊
thian1	天 顛 樂 台 偏 吞
thian2	展 厾 腆 蚒 掭 跈 殄 㥏 覥 靦 蹍 搌 蕆 囅 痶 抻 捵
thian3	瑱 掭
thian5	填 田 甜 謄 闐 傳 天 恬 佃 鈿 窴 畋 菾 瞋 嗔
thian7	沸
thiang3	暢
thiann1	聽 廳 听
thiann2	疼 粥
thiann3	疼 痛 聽 忝 恫
thiann5	程 停 呈
thiannh4	拾
thiap4	貼 帖 怗 疊 拆 跕 呫
thiap8	疊 跕
thiat4	澈 徹 撤 餮 脫 鐵 哲 躂 貼 豔 佚
thiau1	挑 刁 特 佻 超 祧 蓨 怊 迢 莜
thiau2	跳 挑 窕 掉 叼 朓 眺
thiau3	跳 眺 頫 朓 糶 超
thiau5	條 調 苕 𤶃 鰷 佻 蜩 笤 鮡 跳 特 髫 齠 迢 刁 鯈
thiau7	柱 𤶃 祧
thiauh4	瓦
thie1	貼 帖 呫
thie2	帖 餮
thih4	鐵 剃 鈀 淬 彊
thih8	喋 諜 昳 鐵 䛏 𨑨 遲
thik4	斥 畜 剔 忒 敕 擿 趯 倜 叱 拆 彳 忑 俶 惕 飭 裼 宅 慝 踢 㜅 陟 鶒 坼 栻 鋱 愓 吒 𨑠 騭 抶
thik8	宅 特 翟 稙 侘 岝
thim1	鴆 琛 郴
thim2	闖
thim3	揕 䪴 鈂 鴆 酖 闖
thin1	曲 麯 瞋 抻 嗔
thin2	抻 捵
thin3	趁
thin5	漛 滕 舵 籐
thin7	伨 媵
thing1	聽 桯 廳 撐 鞓 汀 瞠 听 挺 烴 蟶 檉
thing2	聽 挺 艇 逞 寵 梃 騁 鋌 侹 蜓 停 呈 庭 町 珽 頲 裎 慂
thing3	聽 鐙 庭 撐 听
thing5	停 程 呈 騰 亭 謄 蜓 廷 莛 重 筳 鰧 船 疼 庭 瞪 縢 葶 霆 渲 挰 羇 棖 裎 酲
thing7	挺
thinn1	天 添 䋎 兵 撐 瞠
thinn2	展 挺 鐵 𦠖
thinn3	撐 漳 盤 梃
thinn5	瞪
thinn7	紩 䋎 緻 䌟 綻 袟
thinnh8	噴
thio1	挑 瞬 槊
thio3	糶 漂
thio5	頭 跳 挑
thio7	陶 匋
thiok4	蓄 畜 搐 亍 㜅 矗 逴
thiok8	尺 畜
thiong1	衷 倀 翀 盅 忡
thiong2	寵 冢 塚 噍 昶
thiong3	暢 悵 痛 鬯 賬 皺
thiong5	蟲 虫 爞 盅 翀 种
thiong7	祝
thior1	挑
thior3	苘
thir5	儲
thit4	𨑨 彳 佚 𨑠 敕 抶 亍 佗
thit8	直 𨑨 抶
thiu1	抽 紬 瘳 啾 妯
thiu2	丑 杻
thiu5	槌
thiunn3	忕
thng1	湯 窗 閼
thng2	燙
thng3	褪 燙 脫 讀 兌 袒 典
thng5	糖 傳 團 搪 鏜 醣
thng7	熥 搪 燙 湯 杖 碭 鍛 檔 煅
thngh8	棄
tho1	叨 饕 它 韜 滔 拖 掏 她 拕 弢 搯 縧 洮 台 他 牠 慆 飸
tho2	討 妥 可 忒 橢 當 媠 慝 䵚 𨚗
tho3	套 妥 透 唾 頭 佗 庹 退 媠 橢
tho5	桃 亍 佗 頭 𨑨 豉 佚 陽 洮 陁 裪
tho7	佗 它
thoh4	頭 魠 音 㼠
thoh8	踱
thok4	托 託 拓 魄 蓄 飥 魠 庹 籜 柝 橐 蘀 套 搐 畜 禿 𢬳 鵚 委 跅 逴
thok8	讀 牘
thom1	遂 丼
thong1	通 鼕 鐺 湯 鏜 恫 侗 痌 嘡 統 變 熥 𢈉 幢 疃 蹚 䠀 膛 嗵
thong2	統 捅 㧤 儻 桶 侗 帑 突 凸 惝 躺 淌 鐋 倘 钂 通 趟 當 筒 盪 俑
thong3	痛 燙 盪 𥦁
thong5	同 糖 餳
thong7	幢 宕 蕩 副
thoo1	肯 偷 揄 土 媮 鍮
thoo2	土 吐 地 敨 鈄 芏 釷 黈 歐 謳
thoo3	吐 兔 菟 付 套 透 唾 堍 吒
thoo5	塗 土 頭 涂 桃 泥 鈀 亍 墼 擂 魠 捂
thoo7	度 與 渡
thu1	樗 攄 禿 突 凸 株 摴
thu2	貯 杵 吐 苧 菟 儲 褚 著 杼 唾 着 堍 楮 佇 抒
thu3	鑛
thu5	躇 塗 凸 儲 鉏 菟 土 鋤 腯 屠 荼 𩡾 䠈 葖 鋙
thua1	拖 拕
thua3	泰
thua7	汰 導 豸 涗 汏 它 𧒴
thuah4	脫 屜 獺 汏 屉 汰 挩 拖 蹋
thuan1	湍 貒
thuan2	疃 瘓
thuan3	鍛 篆 彖 踹 脫 煅 碫 貒
thuan5	傳 團 摶 糰 鱄 椽 音 歸 搏 蒲 慱 瑑
thuan7	煅 篆
thuann1	攤 灘 癱 湍
thuann2	㔊 攤 担 普 擔 炭
thuann3	炭 湠 覃 澶 脫 泰 長 綻 碳
thuann5	攤 傳
thuann7	𧒴
thuannh4	㔊
thuat4	脫 挩 梲 稅
thue1	推 䈕 釵 拖 拕 𠞄
thue2	體
thue3	替 退 褪 蛻 駾
thue5	提 頹
thueh4	提 替
thueh8	提 㯂 挓 㞂
thuh4	托 突 禿 拓 魠 套 倒 撐
thuh8	揬 詘
thui1	推 梯 㷟 𠞟 捶
thui2	腿
thui3	替 兌 蛻 脫 唾 褪 退 睇
thui5	槌 鎚 椎 錘 鉈 搥 梯
thui7	墜 累 縋 垂 倕
thuinn3	褪 音
thun1	吞 椿 涒 暾 鶉 燉 豚 啍 咽 杶
thun2	疃 褪 蠢 踐 跈 蹍 腯 汆 蹅 氹 畽 畛 蹱
thun3	褪 忳 音
thun5	豚 黗 塵 屯 臀 囤 飩 坌 鈍 腯 𪐞 忳 魨
thun7	填 墊 坉 窴
thut4	脫 禿 踐 詘 黜 怵 絀 𢬳 鋵
thut8	突 脫 凸 禿 𢫫 鋵 捸
ti1	豬 知 猪 蜘 低 提 氐 嘀 廈 滴 胝 椥 拍 鋤 屄 殊 胯 菂 鍉 侗 櫫 祇 貞 瀦 唙
ti2	抵 地 的 柢 徵 弟 底 邸 砥 詆 踶 第 氐 坻 牴 骶 遞 致 菂 棣 螮 悌 祗 扺 豸 畤
ti3	智 致 置 戴 蒂 知 緻 稚 著 庇 輊 寘 觶 柢 地 遞 文 㨖 語 植 布 嚏 𩏠 蔕 埴 疐
ti5	除 池 持 鋤 遲 弛 躇 馳 治 坻 踟 的 嘀 嫡 箎 陂 蜘 泜 墀 篪 去 敵 特 潔 纏 屏 翟 鏑 荻 滌 糴 蚳 唙
ti7	己 治 弟 自 箸 致 在 地 底 稚 痔 是 滯 雉 籠 峙 畤 佇 站 遞 彼 獨 抵 住 筋 值 何 陶 嫳 棣 締 柵 薙 筷 豸 彘 䰖
tia1	爹
tia2	嗲
tia3	伐
tiah4	摘 文
tiah8	糴 掠 澤 滌 擇
tiak4	剔 竹 彈 擿
tiak8	𠽖 噠 答 擿 逐 丙
tiam1	砧 沾 鉆 霑 枮 椹 掂 玷 覘 佔 坫 鴆
tiam2	點 站 𫁥 踮 店 厾 贔 跕 玷
tiam3	站 店 踮 𫁥 阽 坫 玷 惦 在 佔 墊 䪴 唸 頕 埝 痁
tiam5	恬 沈 甜 湉 菾 餂
tiam7	恬 墊 扂 站 簟 湉 店 𤌯 怗
tian1	顛 癲 巔 掂 蹎 滇 𧽍 攧 音 踮 揕 敁
tian2	展 典 碘 輾 墊 電 踮 店 搌 音 淀 當 顛 佃 玷 惦 鈿 蹍 遒
tian5	田 填 𦗀 鈿 畋 纏 廛 佃 瑱 躔 瀍 厘 然 滇 湉 甸 屯 畑 闐 嗔
tian7	電 殿 澱 奠 靛 佃 鈿 綻 殄 淀 甸 䋎 田 纏 𢯩 典 墊 惦 癜 躔
tiang1	璫 張 噹
tiang2	長 漲
tiang3	帳 張 脹 漲
tiang5	長 場
tiang7	仗 長 張 杖
tiann1	朾 碇 椗
tiann2	鼎 鐤
tiann3	碇 定 蹤 踪 踮 錠
tiann5	埕 庭 呈 程
tiann7	定 錠 碇 耳 已 靛 文 娗 踐
tiap4	輒 霎 沾 跕 間 摺
tiap8	疊 諜 蝶 喋 揲 渫 墊 碟 霎 鰈 堞 牒 蹀 㲲 聶 輒
tiat4	哲 蜇 凸 噠 跌 膣
tiat8	秩 蝶 轍 昳 跌 帙 諜 疊 澈 哳 垤 迭 瓞 絰 耋 哲 揲 佚 挃 碟 噠 咥 牒 㯂 泆 軼
tiau1	雕 刁 朝 調 彫 凋 貂 啁 鼦 鵰 敦 特 叼 琱 碉 梆 挑 佻 汈 鯛 齠
tiau2	掉 調 佻 屌 鳥 釣 吊 銱 銚 窵
tiau3	吊 召 弔 調 窵 釣 掉 蛙 銱 錢 脰 屏 蓧 肇
tiau5	條 住 著 朝 調 椆 潮 牢 嘲 苕 迢 寮 稠 笤 佻 蜩 髫 齠 鰷 晁 鯈 夾 讀 代 廟 着 縧 蓨 朷 岧 莜
tiau7	調 掉 兆 銚 召 趙 旐 肇 晁 𤶃 蓧 糶
tiauh8	嗻
tie1	爹
tie2	沾
tie5	疊 諜 喋 沾 鰈 跌 蹀 揲 碟 蝶 迭 耋 褶
tih4	滴 㨖 擿 音 彼 挃 嘀
tih8	挃 碟 滴 嘀 值 笛
tik4	竹 得 德 的 敵 摘 特 擿 嫡 菂 滴 謫 澤 適 嘀 鏑 蹢 笛 著 苞 屏 宅 弔 舴 荻 陟 笮
tik8	特 敵 的 澤 軸 擇 笛 翟 擿 狄 躑 擲 螣 適 宅 迪 荻 滌 蹢 糴 直 擢 值 柚 覿 逖 埴 踧
tim1	鴆 砧 揕 䪴 椹
tim3	揕 䪴 沈 抌 擲 頓 鈂 沉 酖 掂 頕
tim5	沈 沉 鮓
tim7	𤌯 朕 燖 眹 鴆
tin1	津 珍 垂 玎 徵 叮 中 籐 抮
tin2	轉 振 震 展 陣
tin3	鎮 陣 叮
tin5	藤 陳 塵 籐 澄 陣 滕 蔯
tin7	陣 陳 垂 津 紖
ting1	燈 釘 丁 登 徵 叮 疔 盯 玎 町 酊 蹬 仃 朾 靪 癥 訂 灯 簦 鐙 瞪 中 親 橙 稽 噔 嶝 澄 磴 耵 鼟 汀 貞 楨
ting2	頂 等 鼎 釘 訂 戥 酊 打 町 腚 錠 桳 哳 誔 咑 耵 踐 艼 梃
ting3	釘 訂 定 中 叮 擲 盯 凳 嶝 鐙 飣 碇 磴 朾 打 橂 𩏠 蹬 錠 綻 鞈 幀 㡧 鋥
ting5	重 庭 程 亭 廷 澄 橙 懲 婷 蜓 謄 螣 停 藤 呈 滕 瞪 埕 鰧 葶 霆 等 層 朝 疼 盯 筳 騰 娗 莛 渟 棖 裎 酲
ting7	定 硬 橂 碇 奠 錠 墱 粳 誔 蹬 鄧 鄭 堅 文 銀 停 限 矴 訂 墊 凳 瞪 娗 腚 鋌 梃 㡧 鋥 櫈
tinn1	甜 𩨑 珍 靪 纏 掂
tinn3	𩏠 侂 瞪 佯 殿 盯 痒 滇 𠿍
tinn5	纏 縈
tinn7	滇 洔 擲 沺 淀 滿 鄭 漲 𩨑 也 敁
tinnh8	挃 值
tio1	著
tio2	攆
tio3	釣 吊 紩 弔
tio5	跳 潮 趒 長 踔 泰
tio7	兆 掉 趙 銚 𤶃 稠 著
tioh4	著 擢 着 拕 氣 觸 㩐
tioh8	著 着 氣 𤏸 叮 拽
tiok4	築 竹 竺 建 砒 着 焯 躅 瘃
tiok8	著 逐 軸 着 築 舳 妯 筑 語 特 柚 摶 鐯
tiong1	中 忠 張 衷 羇
tiong2	長 漲 冢 侗
tiong3	中 漲 脹 帳 悵 胖 棟
tiong5	重 長 腸 場 短 同 墜 脹 倀 萇 棖
tiong7	重 丈 仲 仗 杖 貴 方 喪 揰
tionn1	張 場 泉 鋪
tionn2	長 文
tionn3	脹 帳 漲 張
tionn5	場 系
tionn7	丈
tior5	投
tior7	軂
tiorh4	擢
tip4	得 縶
tip8	蟄
tir1	豬 漳 猪
tir3	箸 呂
tir7	廈 箸
tirh8	莆
tirinn7	勥
tit4	得 直 的 值 窒 啲 侄
tit8	直 值 姪 得 蟄 秩 侄 啲 京 帙 驚 序 戇 埴 抶
tiu1	稠 丟 啁 銩 鵃 侜 輈 譸
tiu2	肘
tiu3	晝 漲 咮 噣
tiu5	綢 躊 稠 籌 幬 燾 惆 淘 裯 儔 疇 稻 場 紬 倜 棰 莨 譸 妯 懤
tiu7	稻 宙 籀 紂 冑 酎 晝 䅢 繇 𦳢 音 播 住 杖 盩 胄 秞 葤 懤 苖
tiuh4	搐 拕
tiunn1	張 場 鋪
tiunn2	長 漳
tiunn3	脹 漲 帳 張 胖
tiunn5	場
tiunn7	丈 䅢
tiunnh8	蛘
tng1	當 張 返
tng2	轉 讀 返 斷 字 漲
tng3	頓 當 質 燙 蹾
tng5	長 腸 堂 塘 唐 樂 剸 傳 文 童 袍 鏜
tng7	斷 撞 丈 盪 擋 當 蕩 搪
to1	刀 多 地 的 倒 得 都 啁 魛 哆 或 是 幾 了 雙 待 叢 襶 鞘 裯
to2	倒 底 島 那 禱 何 哪 垛 擣 躲 朵 短 搗 壔 幬 壓 肚 捯 埵 剁 跺 檮 吶 愣 鍺 捶
to3	倒 到 都 癉 垛 恿 塊 攤 𣑫 剁 臾
to5	逃 駝 陶 萄 淘 得 陀 燾 裪 桃 跳 馱 鉈 砣 跎 沱 濤 佗 度 蛇 鼉 它 柁 咷 鼗 洮 啕 醄 檮 陁 酡 鮀 鴕 鼧 德 他 陽 掏 拕 朵 搯 匋 騊 坨 庹 綯 垞
to7	都 道 導 悼 盜 惰 蹈 袋 稻 燾 墮 舵 觀 幬 纛 馱 問 多 陶 隋 駝 拕 柁 跺 匋
toh4	桌 𤏸 卓 得 咑 桯 棹
toh8	𤏸 𤏲 著 着 焯 桌
tok4	督 啄 琢 斲 篤 卓 椓 桌 厾 焯 㞘 斵 倬 諑 噣 毒 監 𥓍 剁 㧻 棹 剢
tok8	毒 獨 度 碡 瀆 牘 讟 踱 鐸 頓 濁 櫝 匵 犢 髑 黷 斁 嘖 鴆 擢 讀 樂 纛 蹢 覿 凙 襗 鐲
tom5	薄
tong1	當 東 冬 鐺 中 噹 鼕 咚 簹 屏 襠 璫 氡 侗 混 篔 檔 倲 蝀 崬 𤷆 鶇 佟 遒
tong2	黨 董 懂 擋 讜 轉 攩
tong3	擋 當 棟 檔 𢳾 慟 凍 倲 動 攩 𨼴 蝀 戇 潼 儑 噹 勾 㨂 壋 垌 腖 𧡍
tong5	同 童 堂 唐 筒 瞳 棠 鏜 衕 螳 幢 塘 桐 僮 潼 峒 銅 筩 艟 搪 侗 菪 鼕 垌 溏 螗 赯 佟 彤 烔 茼 曈 鮦 糖 洞 疼 袍 𢈉 硐 瑭 樘 醣 痌 峂 酮 朣 餳 瞠
tong7	動 洞 蕩 撞 盪 宕 𢳾 菪 侗 胴 搪 峒 恫 丈 唐 湯 筩 碭 幢 慟 垌 働 當 燙 𥛱 駘 攩 莨 硐
too1	都 多 闍 兜 蔸 篼 𦘴 嘟
too2	肚 堵 賭 枓 斗 睹 鬦 抖 蚪 陡 廚 屠 垛 駑 楮 褚 堙
too3	𪐞 妬 妒 鬥 射 蠹 鬦 斁 音 𦘴 嫪 咤 噣
too5	圖 途 徒 塗 廚 屠 荼 骰 菟 投 涂 酴 駼 土 茶 陀 闍 滁 羇 余
too7	度 肚 渡 鍍 杜 土 豆 竇 讀 逗 餖 脰 痘 荳 塗 態 導 道 蓖 𥥷 芏 荰 晬
tooh4	卓
tooh8	吱
tor1	裉
tor2	肚
tor7	度
tsa1	查 㜁 丈 臢 楂 紮 咱 渣 咂 喳 遮 匝 扎 揸 皻 音 文 挓 早 昨 ④ 咋 猹 餷 槎 蹅 紥
tsa2	早 朝 父 插 鮓
tsa3	炸 詐 咋 昨 搾 榨 笮 蚱 乍 痄 溠 醡 怍 諞 舴 鮓 苲 蜡 筰 祚 氨
tsa5	雜 砸 查 槎 咱 嘁 偺 茬 桚
tsa7	昨 炸 乍 㜁 喳 蚱 鮓 蜡
tsah4	紮 抸 扎 柞 閘 插 鍤
tsah8	截 閘 柵 卡 鍘 族 十 埤 炸 昨 笮 筰
tsai1	知 災 栽 齋 哉 齊 時 在 早 裁 擠 儕 嚌 貞 睵 崽
tsai2	滓 載 宰 在 早 怎 再 指 相 儎
tsai3	再 載 哉 在 債 菜 佳 埤 搾
tsai5	才 財 材 臍 裁 斷 仔 豺 層 柴 栽 葚 儕
tsai7	在 儎 載 豸 寨 砦 㩟
tsainn1	知
tsainn2	指 怎 宰 第 載 樣 滓 崽
tsainn5	前
tsainn7	在
tsak4	促 齪 捉
tsak8	嗾 濁 浞 𩆸
tsam1	針 噆 簪 臢 䐶 沾 咱 尖 霑 糌 腌 喒 涔
tsam2	斬 嶄 噆
tsam3	𢕕 蹔 蘸 踐 站 鑽
tsam5	讒 巉 𨅔 嶄 慚 潛 饞
tsam7	暫 站 斬 嶄 賺 槧 鏨 㨻 㓠 羇 塹
tsan1	曾 罾 簪 糌 層 殘 偺 繒 蹭 䐶 𪙭
tsan2	讚 盞 贊 音 䩆 扠 趲 鏨
tsan3	贊 棧 讚 層 攢 站 賛 趲 䰖 酇 瓚 纂 纘
tsan5	層 殘 甑 刺 咱 孱 偺 𠡡 糌 潺 嶒
tsan7	贊 贈 賛 助 棧 瓚
tsang1	鬃 棕 髒 䐶 採 牂 臢 贓 腌 椶
tsang2	總 𥡥 摠 藏 鬃 叢 臟 髒 奘
tsang3	粽 綜 壯 奘 帳 𥡥 灶 髒
tsang5	欉 叢 昨 淙 髒
tsann2	斬 整 嶄 截 剸
tsann3	蘸 炸
tsann5	斬 攙 𨅔
tsann7	拃 㨻 鍘
tsap4	汁 札 咂 紮 䀹 唼 十 匝 砸 眨
tsap8	十 雜 𠿓 拾 咂 卡 什 唼 文 閘 錯 叢 丈
tsat4	節 紮 扎 札 咂 賊 軋 匝 唼 嘁 砸 劄 紥
tsat8	實 賊 節 塞 寔 鰂 寂 鍘
tsau1	糟 焦 蹧 抓 走 奏
tsau2	走 造 蚤 草 早 笊 語 燥 灶 爪 噪 狡 找 澡 皁
tsau3	奏 灶 竈 做 砌 鼉 爖 櫂
tsau5	褿 巢 剿 鑿
tsau7	找 櫂 淖 掉 棹
tsauh8	哳 寂
tse1	劑 渣 此 齋 這 者 災 躋 齎 齏 儕 𥻗 讀 齊 萎 虀 隮 擠 癠
tse2	濟 姊 制 井 薺 這 擠 此 際 夫 者 製 姐 泲 鱭
tse3	制 製 際 祭 濟 債 晬 贅 劑 下 緻 穄 擠 漈 嚌 霽 晣 讀 做 責 兒 穧 掣 撮 弔 糟 簀 詐 鰶 柞 晢 䭁 瘵 氨
tse5	齊 蠐 蟬 薺 臍 蜓
tse7	讀 坐 座 多 際 穧 罪 縩 寨 砦 劑 睡 訓 禪 嚌 字 澹 少 造 監 渣 薺 儕 鱭 㩟 烖
tsee5	蟬
tseh4	節 仄 績 𤺅 簀 文 氣 至 側 唶 癤
tseh8	絕 截 節
tsenn1	爭
tsenn2	井
tsenn3	諍 爭
tsenn5	晴 文
tsenn7	讀
tsha1	差 叉 杈 擦 岔 扠 嚓 搽 汊 拆 插 吵 蹉 嗏 餷 䃰
tsha2	吵 炒 鬧 㥮 蹅
tsha3	吵 吒 衩 鈔 喳 咤 侘 脆 呲 姹 詫 瘥
tsha5	柴 查 材 茶 茈 嵖 搽 槎 語 荼 榾 𥻗 樵 楂 茬 碴
tsha7	喳 吵 嘈
tshah4	插 鍤 嚓 柞
tshah8	喳
tshai1	猜 差 釵 杈 偲
tshai2	彩 采 採 綵 菜 縩 睬 跴 且 釆 裁 蔡 寀 埰
tshai3	菜 蔡 採 采 芥 瘥 夾 市 茭 宴 蠆 埰
tshai5	裁 材 豺 柴 財 才 儕 在 纔 分 栽
tshai7	在 栽 材 祀 豎 菜 彩 剚
tshainn1	千
tshainn2	彩 採 采 睬
tshainn3	襯
tshak4	察 簇 軸 𢄧 鑿 漆 刺 戳 齪 矗
tshak8	鑿 簎 賊 戳
tsham1	參 摻 驂 攙 文 黨 差
tsham2	慘 磣 黲 噆
tsham3	襯 讖 懺 摻 參 塹 槧 嚵 羼
tsham5	蠶 鑱 慚 饞 讒 涔 漸 嶄 巉 瀺 毚 簿 攙 儳 劖 嚵
tshan1	餐 孱 呻 親 潺 參 䉔 恫 僝
tshan2	剗 孱 羼 摻 滻 鏟 驏 丳 粲
tshan3	粲 襯 燦 綻 璨 羼
tshan5	田 殘 埩 孱 蜻 蛉 蠶 埤 蠳 屯 饞 塍 潺
tshang1	蔥 清 蒼 聰 倉 娼 傖 瘡 鶬
tshang2	鬉 聳 藏
tshang3	藏 㣒 聳 𩯲 潛 𠏭
tshang5	藏
tshann7	㨻 錚
tshap4	插 喢 䛽 鍤 眨 歃 鑿
tshap8	咂 𨂵 𠿓 囃 喢
tshat4	察 漆 擦 賊 刷 剎 軸 𢄧 嚓 檫 礤 署 鑔 䃰
tshat8	賊
tshau1	抄 操 吵 鈔 剿 臊 耖 糙 糟 謅 音 文 炒
tshau2	草 吵 謅 臭 頭 炒 口 造 操 苞 鉤 丈 湊 稍 莆 糙 㥮
tshau3	臭 湊 鈔 氨 文 草 腥 烙 𦜓
tshau5	嘈 移 𡮦 矯 撨
tshau7	嘈
tshauh8	噪 哳 沓 䛽
tshe1	吹 差 妻 叉 炊 初 杈 棲 悽 扠 淒 岔 眚 腥 衩 郪 萋 汊 離 生 尋 青 操 尺 噴 菁 栖
tshe2	髓 扯 啐 脆 參 泚 紕 紪 撦 廁 玼 厠
tshe3	脆 切 擦 泚 砌 淋 廁 刷 掣 妻 摖 厠 細 轉 尺 叉 粞 咦 𤺅 沏 瘵 慽
tshe5	箠 棰 䠡 喳
tshe7	尋 坐 𢶀 尺 𢶓 泚 拽 讀
tsheh4	冊 策 啜 切 掣 柵 撮 廁 唸 鞈 慼 厠 脆 語 簿 促 戚 摯 輟
tsheh8	坐 唶 垂 𣽤 𫐩 鑔
tshenn1	青 生 星 腥 鮮 眚 清 親 文 泉 宿 惺
tshenn2	醒
tshenn3	腥
tshenn7	鑱 呣 𢶀
tshi1	嗤 悽 差 蛆 嘁 癡 緝 鰓 沏 蚩 媸 淒 腮 趨 鴟 攲 痴 參 期 蹉 胝 眵 嵯 七 乞 語 青 氣 敧 妻 企 戚 棲 趑 茲 雛 栖 諆 㬤 鑐 柒
tshi2	鼠 氣 侈 器 奓 刺 緝 企 此 齒 揭 誃 茝 音 乞 砌 取 跂 契 䉔 跐 亟 翅 泣 葺 尸 佌
tshi3	刺 試 翅 啻 䉔 熾 砌 拭 序 處 幟 閂 嘗 嘁 嗤 劙 莿 狙 忮 尸 弒 蛓
tshi5	持 溡 齊 徐 薺 萁 祇 衹 音 崎 奇 騏 其 期 騎 嗤 鰭 亓 嚌 岐 俟 旂
tshi7	飼 市 嗤 娶 翨 柹
tshia1	車 捙 奢 吒 硨 掐 呿 奓 推 駕 刺 袷 錁
tshia2	且 赤 恰 洽 扯 嵌 撦 側 髂
tshia3	趄
tshia5	斜 拤 音
tshiah4	赤 刺 側 鍤 嵌 倒 槊
tshiak4	雀 綽 觸
tshiak8	踔 䟉 觸
tshiam1	簽 籤 纖 參 覘 殲 僉 襜 𥽋 尖 針 怗 鐕 襝 釺 幨 笘 䊴
tshiam2	鐕 鋟 籤
tshiam3	僭 塹 槧 韂 蒨
tshiam5	橙 蕁 鑱 潛
tshian1	千 遷 韆 阡 膁 嵌 牽 扦 芊 鵮 欠 簽 褊 鉛 鋟 慳 釺
tshian2	淺 欠 芡 闡 倩 嵌 刋 錢 鵮 蒨 音 千 翦 槧 縴
tshian3	倩 茜 栫 蒨 刋 箐
tshian5	延 錢 掮 蕁 乾 前 遷 鉗 潛 鈐 田 淺 箝
tshiang1	鏘 槍 昌 沖 蹌 將 腔 娼 嗆 箐 瑲 鎗 強 搶 典 戧 戕 猖 菖 閶
tshiang2	蹌 廠 冗 嗆 戧 鬉 搶 慫 熗 趟 勥 敞
tshiang3	唱 倡 蹌 衝 沖 淌
tshiang5	沖 腸 戕 橙 強 償 牆 常 颺 嬙 斨 長 爿 薔 檣
tshiang7	淌 衝 沖 像 匠 䠀
tshiann1	清
tshiann2	請 且 成 文
tshiann3	倩
tshiann5	成 文 情
tshiap4	妾 竊 唼 啑 踥 眨 呫
tshiat4	切 沏 車 竊 跕 斷 掣 痡 䟙 敂 遒
tshiat8	𠯦 拖
tshiau1	超 摻 抄 操 搜 摶 蹺 繰 摷 㡑 橇 翹 雀 蹻 鍬 幧 怊 耖 敲 繑 劁 磽
tshiau2	殼 撬 翹 愀 悄 蹺 俏 䇌 譙 稍 棱 峭 噭
tshiau3	笑 俏 鞘 峭 悄 吻 䇌 譙
tshiau5	矯 撨 瞧 橋 喬 憔 音 翹 移 綃 鍬 譙
tshiau7	誚 譙
tshiauh4	𥬬
tshiauh8	𥬬
tshie1	切
tshie2	契 切 竊 挈
tshie5	茄 伽
tshih4	𩑾 䟙 砌 刺 閃 𥊬 廈 痦
tshih8	蠘 擮 𢯩 䟙 壓 嗤 唧 咭 扼 𡁶 讀 砌 睏 按 嘁
tshik4	粟 測 策 戚 促 冊 側 尺 刺 廁 柵 雀 觸 惻 赤 漆 膝 慼 厠 拆 切 亍 彳 𢯩 崖 蹠 嘁 哧 㯃 槭 磧 𢷾 馨 斫 斮 鶒 䜺
tshik8	摵 𢷾 䟉 踔 測 摶
tshim1	深 侵 參 駸 浸 窨 祲 梫 綅 寑 椹 篸 嵾
tshim2	寢 磣 鋟 寑 侵 梫
tshim3	沁 讖 吢
tshim5	鑱 尋 潛 岑 鑭
tshin1	親 人 瞋 嗔 輕 新 探 浸 衾 嶔
tshin2	浸 稱 沁 搇 撳 齔
tshin3	稱 凊 襯 秤 䞋 且 儭 櫬 請 鉈 齔
tshin5	矜 秦 覃 芹 檎 衾
tshing1	稱 清 青 千 蜻 鯖 親 輕 情 楚 掙 噌 鶄 穿 父 潔 鐺 𩛿 菁 醍 傖 蟶 圊 卿 晣 琤 赬 檉 氨
tshing2	請 掅 惝 慫 逞 磬 音 聳 睛 綮 筅 銃 謦 箐
tshing3	銃 蒸 衝 稱 沖 嗆 凊 聳 擤 熗 秤 倩 掅 箐 薦 蹭 荐
tshing5	松 情 榕 擎 崢 倀 棖 文 趟 承 蟲 埩 虫
tshing7	穿 頌 文 撐 掁 彊 棖
tshinn1	青 生 星 鮮 淒 腥 清 親 嗤 悽 菁 睛 文 眚 盲 宿 䛩 惺 瞠
tshinn2	醒 淺
tshinn3	腥 刺 側
tshinn5	趟 瀳 瞪
tshinnh8	嘁 嗤 𥊬
tshio1	秋 𪁎 𤞚
tshio2	笑 俏
tshio3	笑 䇌 唱 俏 吻 峭 匼 哨
tshio5	蟯 江
tshio7	照 耀
tshioh4	尺 螫 臅 迹 奭 𥼶 嫧 笑 科 襫 丈 婥
tshioh8	席 蓆 尺
tshiok4	促 觸 雀 綽 尺 捉 數 鵲 踔 趣 浞 俶 槭 焯 斮 灂 矗 逴 婼 柷 淖 爵 亍 趨 鷓 齪 碏 蜡 斫 婥 斶 擉 踧
tshiok8	浞 促 摶 𩆸 淖 觸 杓
tshiong1	充 衝 沖 昌 縱 娼 蹡 將 蓯 從 嗆 憧 蹌 倡 猖 冲 樅 槍 鏘 艟 鯧 瑲 鎗 菖 閶 茺 鏦 文 搶 傭 舂 摐 戧 憃 曈 斨 忡 瑽
tshiong2	搶 倡 縱 敞 慫 惝 聳 廠 氅 悚 淌 鞝 昶 竦
tshiong3	縱 唱 倡 從 銃 衝 嗆 蹌 橫 塑 戧 熗 蹡 愴 揰
tshiong5	牆 戕 薔 嬙 檣 徜 斨
tshiong7	匠 趟 槍
tshionn1	像 槍 鯧 相 鎗 匠
tshionn2	搶 廠 漳 唱 取
tshionn3	唱 嚏 嗆 揖
tshionn5	牆 颺 薔 語 泉 薇
tshionn7	像 上 象 匠 橡 泉 相 養
tship4	緝 咠 濕 蹐 輯 戢 楫 蕺 葺 桼 濈 石 趿 揖
tshir3	次
tshit4	七 𨑨 拭 𨑠 彳 漆 㯃 叱 亍 佚 䟙 卹
tshit8	𨑨 拭
tshiu1	秋 鬏 鬚 緧 湫 手 鰍 楸 䋺 鞦 𩭓 愀 萩 蚯 鞧 鶖 犨 抽 龜 啾 須 僽 搊 瞅
tshiu2	手 帚 首 醜 扒 箒 握 取 澤 摀 梏 裯 瞅 捵
tshiu3	啾 甃 簉 臭 樹 嚏 縐 皺 㑳
tshiu5	愁 揪 揫 遒 蝤 囚 愀 泅 犰 酋
tshiu7	樹 像 象 楊 蔭 朴 絡 橡
tshiunn1	像 槍 鯧 象 相 昌 鎗 搶 揚
tshiunn2	搶 廠 像 泉 唱 取 啾
tshiunn3	唱 嗆 像 噴 嚏 揖
tshiunn5	牆 颺 蓉 薔 象 語 睛
tshiunn7	像 上 象 橡 匠 漳 畜 廈 樹 揚 養
tshng1	穿 川 倉 瘡 村 栓 滄 艙 創 伸 尻 鑽 𤶃 傖 𥦁 瘻 姦
tshng2	𦧊 白
tshng3	竄 寸 鑽 串 穿 嗆
tshng5	床 牀 桯
tshngh4	嗆 啜
tshngh8	嗆 蹭
tsho1	臊 操 蹉 磋 搓 瘥 瑳 鹺 鱢 銼 澡 嵯
tsho2	楚 草 廁 側 刺 錯 策 脞 潦 晣
tsho3	錯 剉 噪 操 糙 脞 挫 措 造 湊 譟 銼 莝 慥 鐋 剒
tsho5	嵯 鹺
tsho7	𢶀 尋
tshoh4	冊
tshok4	簇 撮 錯 齪 蔟 觸 戳 厝 鏃 副 𢄧 剒
tshok8	鑿 戳 簇
tshong1	聰 倉 蔥 蒼 創 蹌 滄 窗 匆 瘡 戧 囟 傖 窓 鶬 艙 璁 驄 總 趨 淙 瑲
tshong2	倉 沖
tshong3	創 愴 闖
tshong5	叢 牀 戕 𩞆
tshoo1	粗 初 謅 芻 蹉
tshoo2	楚 礎 草 憷 木 㥮
tshoo3	醋 酢 措 錯 厝 簉 阼 趣 湊 腠 輳
tshoo5	雛 徂
tshop4	戳 錯 喢
tshop8	𨂵
tshu1	趨 趄 蛆 舒 跙 苴 呲 趑 菹 雌 跐 出 粗 差 軀 處 斜 敷 樞 雛 覷 疽 雎 貙 眥 嵯
tshu2	處 取 鼠 此 厝 跐 卒 泚 促 杵 茈 鮆 數 娶 楚 醋 蹙 癙 訾 簇 錯 趨 礎 締 酢 焠 覰 𢄧 踧 眥 佌 玼
tshu3	厝 次 趣 處 覰 淬 覷 娶 睛 佽 取 且 市 稽 茨 窨 狙 焠 蛓
tshu5	雌 茈 疵 雛 訾 鋤 促 眥 徂
tshu7	嗾 呲 刺 娶 跐 跙 澍 淬 厝 取 泚
tshua1	撾 髽
tshua2	聚
tshua3	蔡 娶
tshua7	娶 𤆬 拽 導 疶 泄 取 畊 引 䢦
tshuah4	掣 礤 擦 泄 㤕 掇 惴 疶 搝 閃 斜 撮 摯 䃰 錣
tshuah8	斜
tshuai2	喘
tshuai3	嘬
tshuai5	膗
tshuan1	川 汆 村 穿 詮 痊 鑹 銓 筌 荃 悛 佺 輇 釧 栓 拴 鐫 雋 醛 顓 攛 躥
tshuan2	喘 舛 篡 𦧊 闖 竄
tshuan3	串 穿 篡 竄 爨 纂 喘 釧 闖 慣 奧
tshuan5	攢 拴 全 傳 牷 遄 篅
tshuang3	闖
tshuann1	䉔 刺 閂
tshuann2	癬 剗 閂
tshuann3	串 閂 𣟴 燦 竄
tshuann7	䲂 刺
tshuat4	撮 啜 文 茁 輟 歠 蕞
tshue1	吹 炊 初 妻 縗 拍 噴 衰
tshue2	髓 揣 擦 䦟
tshue3	擦 刷 摖 切 嘬 粞 啜 慽
tshue5	箠 棰 摧
tshue7	尋 𢶀 𢶓 讀 討 拽
tshueh4	切 慼 啜
tshuh4	淬 焠 猝 覷 睛 覰
tshui1	推 催 吹 摧 炊 崔 衰 縗 締 蓷
tshui2	嘴 揣 髓 惴 璀
tshui3	嘴 碎 喙 粹 翠 口 脆 彊 給 鈀 啐 焠 毳 脺 淬 悴 吹 觜 膵 㭰
tshui5	箠 棰
tshui7	嘴
tshuinn1	村
tshun1	春 伸 偆 村 賰 剩 皴 椿 鶉 輪 逡 申 捵 杶 繓
tshun2	蠢 忖 踳 舛 寸 吋 文 春 喘 𦧊
tshun3	寸 吋
tshun5	存 蹲 尊 僔 𢙨
tshun7	存 捘 拵 挾 剩
tshut4	出 齣 卒 猝 去 焌 黢
tshut8	出
tsi1	之 支 脂 此 枝 吱 肢 雞 奇 箕 其 唧 機 嘰 芝 積 緝 氏 幾 圾 几 茲 胝 犄 期 飢 姕 吉 迹 笄 齏 徐 卮 祗 訾 指 丌 一 文 跡 止 舶 劑 滋 脊 紀 擊 啉 羈 基 荔 居 激 籠 桲 机 稽 孳 廾 饑 畸 虀 觭 屩 祇 栀 緇
tsi2	此 指 子 止 煮 只 姊 籽 旨 紫 繫 址 枳 黹 紙 芷 呰 稷 髻 趾 一 記 扺 秭 水 起 語 事 抵 住 紀 忌 姐 騎 祭 既 坻 讒 覬 旡 冀 齟 沚 咫 笫 個 主 計 多 濟 夫 至 柚 給 技 寂 跂 穄 屐 呲 砥 梓 栗 驥 暨 伎 偈 旣 嚌 罽 霽 祇 衹 祉 軹 酯 畤 茝 耔 掖
tsi3	事 情 志 至 制 誌 幟 質 製 物 識 漬 摯 忮 痣 觶 礩 贄 鷙 薦 舐 茭 𥦁 恣 輊 騺 躓
tsi5	薯 棘 藷 急 擊 薺 錢 鶿 吃 即 集 脊 疾 一 番 螆 亟 詰 蒺 唧 級 極 寂 藉 輯 籍 烤 墼 蠩 嫉 蜍 壟 髻 䩯 瘠 𠴫
tsi7	聚 舐 巳 是 漬 已 事 之 一 自 字 埾
tsia1	㘹 遮 家 此 夾 諸 嗟 佳 正 茄 加 啙 挾 袈 菹 嗻 價 間 咖 葭 嘉 茲 這 賈 伽 浹 笳 豭 罝 嵯
tsia2	者 姐 假 價 間 毑 赭 架 藉 這 賈 鍺
tsia3	蔗 者 藉 炙 借 鷓 唶 柘 䗪 正 嗻 褯 摭 乍
tsia5	誰 遮 夾 誠 㘹 袷 頰 此 正 鵊 裌 跲 浹
tsia7	炸 藉 摭 石 謝 褯 柘
tsiah4	即 隻 則 呰 脊 跡 食 者 迹 啙 雀 此 接 諸 睫 炙 文 胛 唧 就 尻 借 愖 尅 鷓 吃 纔
tsiah8	食 嚼 則 即 隻 炙 文 度 炸 呰 噍
tsiak4	唧 爵 適
tsiak8	唧 汋
tsiam1	尖 針 簪 占 瞻 漸 沾 詹 譫 佔 粘 霑 櫼 熸 殲
tsiam2	枕 怎 𩟗 䪴 𩉍 䁪 黵
tsiam3	佔 占 僭 譖 僣
tsiam5	潛 燂
tsiam7	漸 暫 𩟗 羇
tsian1	煎 氈 間 箋 淺 菅 鱣 尖 殲 沮 堅 肩 濺 監 緘 鶼 顫 羶 湔 旃 邅 鸇 文 艱 奸 櫼 搛 戔 牋 椷 饘 鰹 爨 鏊
tsian2	剪 間 翦 踐 餞 見 錢 蟫 艦 戩 譾 文 辦 戰 薦 劍 濺 箭 漸 謭 監 煎 僭 檻 鬋 俴 荐
tsian3	戰 薦 顫 賤 箭 餞 荐 瀳 煎 檻 湔 洊 牮 俴 糋
tsian5	前 錢 湔 語 瀳
tsian7	賤 踐 濺 餞 牮 荐
tsiang1	章 將 漳 漿 璋 張 剛 豇 樟 掌 音 韁 彰 僵 薑 糨 矼 礓 麕 嫜
tsiang2	掌 獎 強 長 糨 醬 漿 將 降 槳 僵 摀 蔣 糡 仉
tsiang3	將 障 醬 賬 嶂 瘴 柹
tsiann1	正 精 誠 成 赤 情 掙
tsiann2	𩟗 正 淡 䭕 弱 薄 啙 整 妌 𩉍
tsiann3	正 文 政
tsiann5	誠 成 情 正 晴
tsiann7	淨 正 僵 靖
tsiap4	接 汁 捷 䀹 睫 諸 褶 浹 給 摺 莆 聶 倢 啑 婕 眨 讋 眹 鿃
tsiap8	捷 立 咂 倢 食 十 婕 讋
tsiat4	節 折 浙 䭁 蜇 語 復 櫛 癤 晢 真 氣 摺 衷 晣
tsiat8	捷 截 蠘 睫 蜇 食 閘 節 婕 箑
tsiau1	招 焦 蕉 椒 僬 礁 跤 昭 艽 鷦 澆 釗 鵁 角 音 腳 膠 僥 教 徼 鐎
tsiau2	鳥 叫 校 覺 沼 珓 噍 噭 教 湫 筶 窖 姐 嚼 酵 爪 醮 九 音 照 伯 筊 屌 籠 咯 姊 剿 釂 徼 斠 窌 㡑
tsiau3	照 詔 醮 紀 釂 爝 劁
tsiau5	齊 褿 憔 樵 周 譙 礁 瞧 噍 劁 全 撨 繞 醮 嶕
tsiau7	噍 嚼
tsiauh4	寂 哳
tsiauh8	哳 嚼 𥬬 寂
tsie1	嗟 結 稭 接 喈 音 解 節 街 楷 鍇 䀹 秸
tsie2	藉 嗟 芥 隔 疥 借 戒 褯 廨
tsie5	結 詰 孑 截 潔 碣 桀 擷 揭 倢 訐 楬 櫭 榤
tsih4	接 摺 折 寂 褶 唧 舌 漬
tsih8	舌 折 唧 吱 哳 嘰 摺 喋 咋
tsik4	責 積 即 則 績 叔 燭 跡 蹟 𢯩 咋 稷 脊 窄 揤 迮 唧 仄 蹠 勣 笮 隻 搾 窒 迹 簀 幘 柞 踧 岝 炙 挃 鯽 捷 借 嘖 吒 襀 蹐 鶺 摭 躓 擉 賾 昃 字 職 織 側 藉 籠 籍 呰 舴 蚱 踖 楖 蝍 磧 蠋 礩 厔 桎 銍 騭 咤 癪 筰
tsik8	籍 賊 寂 藉 鰂 柞 疾 嫉 瘠 節 積 鯽 蹠 唶 踖 蒺
tsim1	斟 唚 針 湛 箴 鱵 親 簪 砧 揕 岑 甄 瑊 涔
tsim2	枕 嬸 浸
tsim3	浸 枕 禁 寖 綅 譖
tsim5	蟳 涔
tsim7	冋 蕈
tsin1	真 珍 升 禁 溱 榛 金 蓁 筋 津 甄 清 斤 臻 今 振 矜 音 秦 愖 窵 瑱 觔 畛 禛 縝 鬒 瞋 嗔 氨
tsin2	振 震 診 賑 浸 軫 疹 進 勁 盡 儘 寖 畛 胗 縝 拯 丁 禁 晉 徑 殄 紾 黰
tsin3	進 晉 證 縉 搢 賑 症 孕 振 瑱 瑨 媵
tsin5	秦 繩 𥉜 螓 仁 真 瓊
tsin7	盡 真 儘 燼 藎 贐 濜
tsing1	精 爭 鐘 增 舂 牲 衝 蒸 摐 掙 征 徵 僧 偵 正 經 眾 晶 撞 盅 曾 菁 睛 怔 旌 錚 鍾 鶄 貞 崢 鉦 罾 諍 甑 莖 耕 稉 噌 箐 鼱 憎 更 繒 腈 湞 楨 禎 烝 猙 睜 箏 矰 漳 音 驚 政 蹤 整 緻 京 収 蜻 淨 畜 璺 麠 粳 竫 氰 琤 赬 摏 㧿 橧 磳 𢴣 鬙
tsing2	整 種 掌 指 腫 踵 井 靜 政 阱 音 正 族 敬 殄 拯
tsing3	正 政 種 證 眾 症 諍 蒸 薦 甑 掙 敬 衝 怔 幀 䦛 掖
tsing5	情 前 曾 晴 松 從 層 人 繒 榕 嶒 桯 氰 䝼 𢴣
tsing7	靜 淨 贈 增 諍 從 曾 靖 松 甑 靚 繒 幀 文 撞 衝 阱 蹭 䝼 睜 㡧 榕 𢴣
tsinn1	掙 爭 精 氈 晶 櫼 棦 𣝫 㩙 笙 相 錢
tsinn2	井 茈 啙 鴿 譾 呰 𪸾 紫 妌 耳 爾 嫩 精 箭 阱 邇 駬
tsinn3	箭 搢 諍 𪸾 煎 糋 爭 掙 擠 炙 嫩
tsinn5	錢 前 檐 晴 簷 注 鈔 霤
tsinn7	舐 靜 晴 語 箭 淨
tsio1	招 蕉 椒 芎 牙
tsio2	少
tsio3	照 醮 叫 瞭 灼
tsio5	譙
tsio7	噍 嚼
tsioh4	借 蹠 墌 績 藉 襀 灼 石 文 雀 稷 拕 摭 斫
tsioh8	石 就 崖 嚼 磐 磻 坊 璇 潯
tsiok4	足 祝 酌 爵 囑 嚼 粥 矚 屬 妁 芍 躅 繳 焯 雀 燭 柷 杓 勺 喌 蠋 鬻 灼 鐲 擉 趵 釂 嘏 皭 爝 瘃 斸 斫 禚 踧
tsiok8	芍 足 嚼
tsiong1	將 章 終 彰 鐘 漳 璋 鍾 忪 障 漿 樁 鄣 螽 舂 樟 盅 麞 嫜 刣 淬 蟑 憃 螿 杖 獐 彸 摏 樅 吽
tsiong2	種 掌 獎 腫 踵 槳 蔣 仉 長 釀 瘻 瘇
tsiong3	眾 將 種 障 瘴 縱 中 醬 鄣 嶂 從 軍 仇 讎 幛
tsiong5	從 爿 崇
tsiong7	狀 從
tsionn1	章 漿 樟 蟑 泉 文 螿 麞 麕 獐
tsionn2	掌 槳 獎 文 蔣
tsionn3	醬
tsionn5	裳 醬 文
tsionn7	上 癢 語 泉 養 幛 瘴
tsior1	嚼
tsiorh8	嚼
tsip4	執 咠 緝 輯 蟄 一 汁 集 戢 楫 蕺 縶 唼
tsip8	集 寂 籍 一 入 執 及 召 輯
tsir1	書 冊
tsir2	梓
tsir5	薯
tsir7	自
tsit4	此 質 職 織 一 脊 即 鯽 疾 積 桎 窒 帶 呰 櫛 郅 蛭 鑕 機 績 侄 姪 礩 厔 銍 騭 躓
tsit8	一 植 疾 此 殖 嫉 蒺 日 寡 丈 是 枝 錢 身 兩 房 載 圓 條 叩 氣 織 注 軀 併 部 紀 叢 寸 沛 呰 偶 姪
tsiu1	睭 周 州 洲 舟 珠 週 蝤 酒 啁 章 啾 揪 鵃 𩭓 賙 盩 守 壁 糾 𥦁 樟 喌 侜 輈 譸
tsiu2	酒 守 帚 箒 雄 醍 簀 愀 柞
tsiu3	咒 蛀 啾 酒 祝 呪 蝤 僦
tsiu5	蝤
tsiu7	就 鷲 睭 僦
tsiuh4	啁 寂 稠 喌 啾
tsiuh8	啁 啾 稠
tsiunn1	章 漿 樟 蟑 麞 獐 文 癢 蠩 螿 麕
tsiunn2	掌 槳 獎 蔣 手 語
tsiunn3	醬 幛 即
tsiunn5	裳 文
tsiunn7	上 癢 章 痒 養 語 瘴
tsng1	裝 磚 妝 莊 庄 粧 贓 甎 文 飾
tsng2	指 拃 扠 鑽
tsng3	鑽 鑿 錄 貫 揻 躦
tsng5	全 旋 𩞆 嘗 唼
tsng7	狀 磚 漩 裝 旋 吮 臟 藏 舐 噀 饌 鏇 白 全
tso1	遭 慒 糟 佐 嘈 造 曹 鏖
tso2	左 棗 藻 佐 早 繰 做 皁 抓 蚤 澡 璪 側 毑 笊
tso3	做 作 佐 左 鈀 灶 慍 嘈 司 泉 併 座 閃 躁 屏 磻 挫 氨
tso5	槽 曹 嘈 漕 笮 咋 皁 舴 慒 艚 螬 痤 矬 鹺 責 則 脞 糟 褿 襗 嘖 擇 幘 瘥 迮 嵯 酇
tso7	造 坐 座 𢲵 嘈 皁 住 做 道 作 禪 皂 岝 漕 艚
tsoh4	作 昨 做 造 射 築 砟 氨
tsoh8	射 踖 擲 昨 酢 砟 岝 怍
tsok4	作 族 做 濁 捉 柞 迮
tsok8	族 濁 柞 擢 醋 嘖 怍 鏃 昨 酢 苲 砟 鑿 作 俗 磻 侗 躍 嗾 笮 濯 𩆸 鷟 筰 岝 胙
tsom1	箴
tsong1	裝 宗 蹤 莊 妝 終 棕 綜 臧 淙 庄 鬃 總 髒 樁 牂 贓 踪 悰 壯 傱 粧 傖 鬉 鞈 盅 椶 豵 鬷 琮
tsong2	總 駔 𥡥 倥 傯 攏 摠 奘 蓯
tsong3	壯 葬 綜 粽 䝋 髒 鬷
tsong5	藏 蹤 崇 莊 叢 宗 傱 衝 淙 琮 𧽵
tsong7	狀 臟 藏 撞 奘 祟
tsoo1	組 租 鄒 且 芻 陬 鄹 趄 謅 諏 鯫 騶 徂 趑 鉏 僽 搊 篘 殂
tsoo2	祖 阻 組 咀 俎 沮 鉏 走 詛 齟 駔 文 左 讒 跙 瞅 徂 殂
tsoo3	做 湊 左 驟 簉 奏 縐 皺 輳 簇 作 阻 詛 㑳 甃 僽 揍 祚 腠 蔟
tsoo5	鉏 徂 鋤 雛 殂
tsoo7	助 驟 阼 胙 祚
tsop8	咂
tsor7	鼉
tsu1	珠 書 資 滋 姿 諸 朱 痘 硃 孳 苴 粢 株 茲 菹 齊 且 柱 邾 疽 洙 齜 注 孜 沮 雎 侏 茱 誅 銖 錙 咨 訾 自 𤶎 茨 趑 狙 櫧 淄 嵫 菑 貲 緇 輜 髭 鎡 鯔 珍 守 冊 藷 瑰 坊 呲 鮭 蛆 蛛 罝 猪 瀦 孖 觜 諮 鼒
tsu2	主 子 煮 仔 梓 麈 楮 齟 渚 籽 拄 呰 茈 恣 咀 砫 褚 耔 梆 滓 鋅 乳 宮 紫 呲 潼 翥 訾 媕
tsu3	注 註 鑄 駐 蛀 炷 恣 漬 足 積 䉀 剚 自 住 薦 茭 疰 馵 翥 澍 胔 胾 骴
tsu5	薯 慈 藷 瓷 磁 孜 蜍 喌 茨 番 蠩 鶿 如 足 鏃 烤 茲 媮 螆 壟 雛 袽 䀁
tsu7	自 聚 住 柱 苴 漬 埾 肉 駐 齟 沮 字 珠 分 己 注 積 屯 咀 眥 胾
tsua1	抓 髽
tsua2	紙 文 條 姐 笊
tsua3	誓 畷
tsua5	蛇 誰
tsua7	畷 𢶀 迣 詛 誓 行 匝 若 濺
tsuah4	泏 拙 泄
tsuah8	蠘 斜 差 齟
tsuai5	膗
tsuai7	跩 𢶀 拽
tsuainn7	𢶀 扭
tsuan1	專 鑽 磚 鐫 顓 轉 耑 鱄 攢 甎 剸 朘 膞 䰖 躦
tsuan2	轉 賺 攥 剪 爨 纂 鑽 囀 斡 剸
tsuan3	鑽 攥 攢 囀
tsuan5	全 泉 荃 攢 佺 牷 醛 躦
tsuan7	鏇 撰 轉 栓 饌 譔 雋
tsuang1	訂
tsuann1	煎
tsuann2	怎 盞 笊
tsuann3	煎 炸 饡
tsuann5	泉 殘
tsuann7	濺 賤
tsuat4	拙 撮 泏 絕 拶 茁 剟 啜 梲 輟 繓
tsuat8	絕 斷
tsue1	劑 朘
tsue2	最
tsue3	做 最 贅 嘬 鈀 作 綴 晬 蕞 併 製 罪 閃 制 磻 𤺅 餟 氨
tsue5	齊 朘 摧 漼 璀
tsue7	讀 罪 多 穧 睡 𣍐 訓 過 儕 際 字 澹
tsueh4	節 癤
tsueh8	截 節
tsuh4	泏 住 漬 注 寂 捽 輟
tsuh8	注 泏
tsui1	錐 椎 鵻 隹 催 水 追 騅 觜 堆 揣 檇
tsui2	水 沝 嘴 埤 噴 醉 霤 管 澹 嚴 注 泡 淋 蛙 榼 咀 捶 觜
tsui3	醉 最 對 晬 檇 惴 贅
tsui5	摧 誰 水
tsui7	悴 誰 萃 瘁 罪 慍 拽 脺 膵 誶
tsuinn1	磚
tsuinn2	指
tsun1	尊 遵 𠘖 鐏 蹲 樽 峻 栫 肫 衠
tsun2	準 准 撙 駿 峻 隼 埻 鱒
tsun3	圳 戰 俊 顫 駿 峻 竣 濬 震 雋 埤 捘 浚 焌 畯 睃 儁 也 陂 盹 鐫 餕 夋 寯 皴 逡 諄
tsun5	船 存 前 蟬 蹲 脣 工 載 瀳 舶 撐 唇 遒 洊 栫 𢙨 艄
tsun7	陣 鏇 捘 轉 拵 銌 鱒 擰 竣
tsut4	卒 悴 捽 黢 淬 慍 啐 猝
tsut8	秫 卒 朮 捽 悴 泏 𢫖 誶
tu1	豬 㧣 猪 蛛 株 嘟 都 櫫 誅 推 堆 拄 㞘 妬 邾 厾 抵 拍 胯 跦 瀦 姝
tu2	拄 抵 適 柱 肚 度 堵 土 妒 蠹 音 讀 貯 渡 屏 杜 荰 扺
tu3	著 注 滯 拄 駐 住 柱 騙 亍 脹 迂 抵 堵 擋 着 嘟
tu5	除 鋤 廚 躇 櫥 躕 篨 儲 讀 碡 頓 瀆 滁 毒 潔 屏 屠 纛 嘟 髑 鉏 跦 㾻 裯
tu7	注 箸 嘟 拄 㾻 著 抵 堵 杜 漳 住 柱 苧 杼 漬 佇
tua1	大 幞
tua2	遰 鹼 鹹
tua3	帶 滯 遰 住 大 蹛 掬 膪
tua5	彈 沱 馱
tua7	大 舵 彈 柁 鑱 碩 怠 埔 舶 擘 潔 貝 炮 役 汰 喋 屯 馱 梲
tuah4	掇 語 奪
tuah8	奪 掇
tuan1	端 專 耑
tuan2	短 斷
tuan3	斷 鍛 踹 囀
tuan5	傳 團 剸 摶
tuan7	斷 緞 傳 段 鍛 篆 塅 椴 籪 音 煅 瑑
tuann1	單 端 蛋 奇 丹
tuann2	叕
tuann3	旦 妲 遰
tuann5	彈 壇 傳 檀 痘 撣
tuann7	段 憚 惰 彈 文 大 舵 懶 癉 怠 撣
tuannh8	挱 抄 搓
tuat4	綴 剟 掇 惙 輟 裰 啜 醊 餟 文 敪 叕
tuat8	奪
tue2	底 貯 抵 短 桳 迹 錁 扺
tue3	逫 對 逮 綴 隶 地 從 貯 隨 處 遰 䟾 醊 餟 帨
tue5	題 蹄 頹 兌 疏 堆 啼 釵 鷈 魋 虒
tue7	地 第 兌 苧 逫 柵 土 遞 獄 朴 澎 窨
tueh4	脞
tueh8	隘 達 窄 迭
tuh4	厾 篤 啄 椓 拄 突
tuh8	突 揬 吶 擇 拄
tui1	堆 追 敦
tui2	對 墜 敦
tui3	對 隊 碓 敦 貴 校 墜 闇 憝 遒
tui5	搥 槌 椎 捶 錘 鎚
tui7	隊 墜 兌 墮 膇 對 懟 縋 錘 倕 敦 錞 㔣
tuinn3	援
tun1	鈍 屯 敦 鐓 蹲 墩 撴 礅 鶉 頓 忳 惇 窀 燉 噸 迍 諄 文 蹾 驐 肫 衠 埻 䃦 輴
tun2	盾 躉 腯 囤 楯 礅 頓 燉 屯 䃦 扽 鐓 𣎴 盹 砘 𦧊 炖
tun3	頓 噸 扽 鈍 㩐 屯 鐓
tun5	唇 屯 脣 臀 頓 豚 包 純 囤 忳 飩 魨
tun7	鈍 燉 沌 屯 遁 腯 忳 盾 囤 楯 呔 遯 敦 鐓 憝 躉 砘 飩
tut4	頓 腯 咄 榾 絀
tut8	突 凸 咄 唐 腯 𢫫 揬 音 卒 柮
u1	於 污 汙 窩 烏 嗚 骬 洿 肟 迂 于 圩 惡 屋 居 菸 巫 盱 樗 淤 瘀 五 憐 趺 沾 芋 𩨗 趶 侉 恂 吁 訏 𧿉 圬 紆
u2	與 雨 惡 羽 宇 予 禹 鶩 痦 寓 物 傴 喣 噢 瘐 漳 有 愈 焐 吚 污 卼 靰 䛩 兀 嫗 癒 勿 戊 迕 牾 塢 騖 庾 楀 窳
u3	污 焐 煦 迂 有 汙 熓 淤 扝 飫 燠 嫗 昫 栩 塢 瘀 雨 熨 浯 灸 酗 雩
u5	餘 於 畬 于 輿 余 雩 無 與 予 无 榆 竽 毋 揄 伃 邘 妤 盂 舁 隃 歟 旟 亡 蕪 蜈 巫 芋 梧 鋙 吾 覦 䉑 臾 藇 鱮 萸 唔 捂 杅 玗 俞 狳 崳 愉 渝 腴 瑜 逾 窬 蝓 諛 踰
u7	有 預 譽 與 豫 五 芋 媕 雩 澦 喻 雨 市 禦 污 裕 籲 彊 舁 諭 蕷
ua1	哇 呱 凹 蛙 窪 挖 媧 娃 蝸 洼 倚 騧 佤 窊 唲 踒 喎
ua2	倚 瓦 袜 旁 襪 依 膃
ua3	化 哇 發 怎 晏 𡧗
ua5	何 哇 唲 玩
ua7	畫 瓦 話 搲
uah4	哇
uah8	活 動 復 話 斡 噍
uai1	歪 彎 喎 冤 𨂿 喂 椏
uai2	𨂿 歪 𨀤 踒
uaih8	㗏
uainn1	歪 彎 冤 挨 椏 灣
uainn2	𨂿 歪 𨀤
uainn7	椏
uainnh4	𨂿 斡 歪 轕 輵
uainnh8	㗏 歪 轟
uak4	喔
uan1	彎 冤 灣 鴛 剜 怨 宛 苑 帵 鵷 悁 蜿 豌 眢 腕 歪 蠃 菀
uan2	遠 玩 婉 腕 宛 苑 莞 惋 豌 琬 菀 畹 碗 綰 蔓 箢 脘 翫 皖 晚 䘼 頑 窵 剜 帵 兗 涴 薳 踠
uan3	怨 惋 宛 援 苑
uan5	完 灣 員 丸 圓 園 援 轅 彎 篔 莞 猿 紈 烷 圜 玩 元 萑 楦 媛 刓 芄 爰 袁 湲 隕 話 原 源 垣 腎 朴 頑 蜿 蜎 垸
uan7	援 緩 媛 遠 院 瑗 宦 掾
uang1	汪
uang2	望 音 往 王 旺 忘 妄
uang5	忘 音 王 芒 罔
uann1	鞍 安 頞 擱
uann2	碗 腕 晏 呱 缺 椀
uann3	晏 案 文 換
uann5	呱 哇
uann7	換 旱
uat4	斡 越 曰 挖 噦 軋 汨
uat8	越 閱 粵 悅 曰 鉞 斡 粤 樾 說 室 汩 嗢
ue1	挨 鍋 喂 萵 椏 煨 堝 碨 崴 偎 隈 痿 乾 揣 坩 倭 鰃 猥
ue2	矮 喂 啞 語 碨 唩 猥
ue3	穢 話 會 掗 迂 挩 噦 劌 聵 濊
ue5	鞋 捱 唯 為 喂 惟 欸
ue7	會 話 畫 衛 劃 繪 能 躗 拍 噍 讆
ueh4	挖 劃 狹 畫
ueh8	劃 畫 狹 隘
uh4	噎
uh8	噎 呃 𠽵 噔 燠
ui1	威 揻 衣 委 逶 葳 挖 窩 虧 萎 喂 磑 踒 痿
ui2	委 偉 葦 萎 瑋 緯 韋 諉 偽 骫 唯 洧 煒 鮪 韙 壝 為 矮 芛 挼 喟 湋 痏 猥 痿 蘤 韡 餧
ui3	畏 慰 對 位 尉 飫 蔚 喂 由 緯 餵 有 為 熨 潰 薳 餧 霨 䲁
ui5	為 圍 違 維 遺 帷 惟 唯 韋 圩 闈 芛 溈 囗 桅 幃 湋 潿 壁 屏 隗 褘 啎
ui7	位 為 謂 胃 畫 衛 蝟 渭 緯 揻 匱 偽 魏 對 音 市 遺 磑 壝
uih4	挖
uih8	劃 畫
uinn7	暈
un1	溫 恩 瘟 蝹 殷 縕 熅 冤 榲 鰮 搵 氳 文 泉 沾 涒 塭 蘊 迄 蚓 燖 轀 溳 薀
un2	穩 隱 允 𤸫 蚓 文 癮 璺 隕 引 尹 殞 晚 吮 溳 狁 問 紋 藏 芛 佝 殷 媼 䌥 檃 韞 惲
un3	搵 蘊 慍 醞 塭 縕 溫 韞 運 蘸 媼 摁 熅
un5	勻 緩 云 雲 文 芸 运 熅 紜 聞 員 輪 溫 蚊 耘 溳 鄖 筠 篔 璺 炆 畇 鋆 蕓
un7	運 韻 暈 隱 鄆 為 併 斡 搵 員 奮 痡 熅
ut4	鬱 熨 屈 苑 慍 蔚 軋 尉 膃 𣡸 燙 𠽵 迄 穵 媼 菀 熅 榲 黦 捥
ut8	聿 䢖 鷸 鬱 燏 物 矞 遹 鴥
